match_id;duration;start_time;radiant_team_id;radiant_name;dire_team_id;dire_name;leagueid;league_name;series_id;series_type;radiant_score;dire_score;radiant_win;version
8037154761;1770;1731679875;9586122.0;4Pirates;9247798;Passion UA;17381;European Pro League  2024-2025 Season;925997;1;15;41;False;21.0
8037142197;2315;1731679694;9351740.0;Yakult Brothers;8261500;Xtreme Gaming;17299;ESL One Bangkok 2024 Qualifiers powered by Intel;925979;1;21;25;False;
8037125839;1923;1731678904;9025359.0;The Covenant;9539477;Advance Esports;17299;ESL One Bangkok 2024 Qualifiers powered by Intel;925996;1;20;45;False;21.0
8037122338;1722;1731679209;9017006.0;NAVI Junior;8724984;Virtus.pro;17299;ESL One Bangkok 2024 Qualifiers powered by Intel;926012;1;4;27;False;21.0
8037122329;1671;1731678837;8629005.0;Flawless Goblins;8629317;Bright Crusaders;17233;Destiny League;925999;1;25;28;False;21.0
8037100404;2006;1731678034;7732977.0;BOOM Esports;9467224;Aurora Gaming;17299;ESL One Bangkok 2024 Qualifiers powered by Intel;926010;1;24;13;True;21.0
8037084926;1633;1731677578;9492830.0;Prodigy of God;8993427;Air Defense;17366;Ultras Dota Pro League  2024-25;925991;1;34;17;True;21.0
8037066782;1814;1731676959;9595260.0;;8597976;Talon;17299;ESL One Bangkok 2024 Qualifiers powered by Intel;926004;1;24;5;True;21.0
8037062343;1674;1731676842;9498970.0;AVULUS;9530947;Palianytsia;17299;ESL One Bangkok 2024 Qualifiers powered by Intel;926003;1;29;9;True;21.0
8037057259;2335;1731676641;9187903.0;Rogue Squad;9601305;;17299;ESL One Bangkok 2024 Qualifiers powered by Intel;926001;1;17;35;False;21.0
8037053346;1626;1731676438;8629317.0;Bright Crusaders;8629005;Flawless Goblins;17233;Destiny League;925999;1;20;16;True;21.0
8037038219;2180;1731675632;8261500.0;Xtreme Gaming;9351740;Yakult Brothers;17299;ESL One Bangkok 2024 Qualifiers powered by Intel;925979;1;18;25;False;21.0
8037032285;1938;1731675415;9593627.0;;9593895;Gaozu;17299;ESL One Bangkok 2024 Qualifiers powered by Intel;925980;1;16;26;False;21.0
8037031362;2210;1731675744;9586122.0;4Pirates;9247798;Passion UA;17381;European Pro League  2024-2025 Season;925997;1;40;24;True;21.0
8037030312;1450;1731675601;9539477.0;Advance Esports;9025359;The Covenant;17299;ESL One Bangkok 2024 Qualifiers powered by Intel;925996;1;40;11;True;21.0
8037013142;2258;1731674753;8629318.0;Mad Monkeys;8629014;Dragon Blood;17233;Destiny League;925992;1;52;44;True;21.0
8037003285;1504;1731674309;8936507.0;FenixTeam;9330485;BulletProofs;16313;Ancients League;925967;1;20;43;False;21.0
8036996654;2831;1731674088;8376696.0;One Move;9594647;PuckChamp;17299;ESL One Bangkok 2024 Qualifiers powered by Intel;925952;1;17;34;False;21.0
8036988906;1998;1731673927;8993427.0;Air Defense;9492830;Prodigy of God;17366;Ultras Dota Pro League  2024-25;925991;1;26;46;False;21.0
8036970460;2350;1731672969;9594117.0;Team Flamingos;8831040;Ghost Sheep;17366;Ultras Dota Pro League  2024-25;925984;1;32;54;False;21.0
8036956030;1544;1731672418;8629014.0;Dragon Blood;8629318;Mad Monkeys;17233;Destiny League;925983;1;12;38;False;21.0
8036951119;1246;1731672134;9330485.0;BulletProofs;8936507;FenixTeam;16313;Ancients League;925967;1;20;34;False;21.0
8036942939;2160;1731672128;9572608.0;Blue Submarine;9255039;1w Team;17299;ESL One Bangkok 2024 Qualifiers powered by Intel;925951;1;16;40;False;21.0
8036936774;1836;1731672068;9593627.0;;9593895;Gaozu;17299;ESL One Bangkok 2024 Qualifiers powered by Intel;925980;1;8;24;False;21.0
8036935166;1950;1731672030;9351740.0;Yakult Brothers;8261500;Xtreme Gaming;17299;ESL One Bangkok 2024 Qualifiers powered by Intel;925979;1;8;25;False;21.0
8036934717;2357;1731671405;9600141.0;Zero Tenacity;8291895;Tundra Esports;17299;ESL One Bangkok 2024 Qualifiers powered by Intel;925964;1;27;32;False;21.0
8036920391;914;1731670852;8629318.0;Mad Monkeys;8629014;Dragon Blood;17233;Destiny League;925974;1;6;21;False;21.0
8036912782;2190;1731670388;9594647.0;PuckChamp;8376696;One Move;17299;ESL One Bangkok 2024 Qualifiers powered by Intel;925952;1;13;29;False;21.0
8036904687;1412;1731670004;9530947.0;Palianytsia;9498970;AVULUS;17299;ESL One Bangkok 2024 Qualifiers powered by Intel;925971;1;8;22;False;21.0
8036900507;2450;1731669798;8831040.0;Ghost Sheep;9594120;Team Flamingos;17366;Ultras Dota Pro League  2024-25;925970;1;29;46;False;21.0
8036881134;1921;1731668830;8936507.0;FenixTeam;9330485;BulletProofs;16313;Ancients League;925967;1;35;54;False;21.0
8036878790;1990;1731668706;9255039.0;1w Team;9572608;Blue Submarine;17299;ESL One Bangkok 2024 Qualifiers powered by Intel;925951;1;28;6;True;21.0
8036877363;1279;1731668630;8993427.0;Air Defense;9586443;Nethercore;17366;Ultras Dota Pro League  2024-25;925953;1;28;8;True;21.0
8036868119;1319;1731668541;8629005.0;Flawless Goblins;8629324;Swift Knights;17233;Destiny League;925965;1;6;33;False;21.0
8036863535;1423;1731668407;8291895.0;Tundra Esports;9600141;Zero Tenacity;17299;ESL One Bangkok 2024 Qualifiers powered by Intel;925964;1;21;10;True;21.0
8036836713;1307;1731666372;8961813.0;SHAOLIN;9332069;Mister Maniacs;16313;Ancients League;925937;1;20;45;False;21.0
8036834216;2426;1731666287;9594117.0;Team Flamingos;8831040;Ghost Sheep;17366;Ultras Dota Pro League  2024-25;925958;1;31;60;False;21.0
8036827742;1571;1731665923;8629324.0;Swift Knights;8629005;Flawless Goblins;17233;Destiny League;925956;1;14;38;False;21.0
8036816248;2140;1731665590;9547653.0;;9467224;Aurora Gaming;17299;ESL One Bangkok 2024 Qualifiers powered by Intel;925920;1;8;33;False;21.0
8036812566;1938;1731664912;9593609.0;Nethercore;8993427;Air Defense;17366;Ultras Dota Pro League  2024-25;925953;1;19;39;False;21.0
8036808375;2875;1731664817;8376696.0;One Move;9594647;PuckChamp;17299;ESL One Bangkok 2024 Qualifiers powered by Intel;925952;1;21;30;False;21.0
8036801179;973;1731664200;9246723.0;;8494848;Winter Bear;17299;ESL One Bangkok 2024 Qualifiers powered by Intel;925942;1;9;36;False;21.0
8036799368;2606;1731664804;9255039.0;1w Team;9572608;Blue Submarine;17299;ESL One Bangkok 2024 Qualifiers powered by Intel;925951;1;14;28;False;21.0
8036797794;1038;1731663979;;;7554697;Nigma Galaxy;17299;ESL One Bangkok 2024 Qualifiers powered by Intel;925938;1;3;27;False;21.0
8036791364;2011;1731663557;9332069.0;Mister Maniacs;8961813;SHAOLIN;16313;Ancients League;925937;1;33;25;True;21.0
8036774102;2641;1731662454;8629005.0;Flawless Goblins;8629324;Swift Knights;17233;Destiny League;925943;1;44;48;False;21.0
8036767039;2121;1731661935;9467224.0;Aurora Gaming;9547653;;17299;ESL One Bangkok 2024 Qualifiers powered by Intel;925920;1;28;12;True;21.0
8036766663;2137;1731661911;9593627.0;;350190;Ascent Esports;17299;ESL One Bangkok 2024 Qualifiers powered by Intel;925923;1;28;18;True;21.0
8036763612;717;1731661713;8494848.0;Winter Bear;9246723;;17299;ESL One Bangkok 2024 Qualifiers powered by Intel;925942;1;20;5;True;21.0
8036756648;1922;1731661245;9593895.0;Gaozu;9409659;spiky gaming;17299;ESL One Bangkok 2024 Qualifiers powered by Intel;925924;1;18;20;True;21.0
8036755169;1610;1731661156;8629315.0;Wiser Warriors;9425656;LSG;17233;Destiny League;925933;1;29;42;False;21.0
8036752565;978;1731661203;7554697.0;Nigma Galaxy;9600798;Ethereal Edge;17299;ESL One Bangkok 2024 Qualifiers powered by Intel;925938;1;25;3;True;21.0
8036750976;1914;1731660853;8961813.0;SHAOLIN;9332069;Mister Maniacs;16313;Ancients League;925937;1;40;25;True;21.0
8036747614;2218;1731660621;9601037.0;;7732977;BOOM Esports;17299;ESL One Bangkok 2024 Qualifiers powered by Intel;925925;1;24;29;False;21.0
8036733045;1653;1731659794;9425660.0;Shadow Avengers;9426115;Dark Rebellion;17233;Destiny League;925919;1;25;42;False;21.0
8036719876;1639;1731658733;8629315.0;Wiser Warriors;9425656;LSG;17233;Destiny League;925933;1;29;32;False;21.0
8036704294;1627;1731657609;9426115.0;Dark Rebellion;9425660;Shadow Avengers;17233;Destiny League;925919;1;26;37;False;21.0
8036704181;2001;1731657545;9330493.0;RuleBreakers;8893825;Lucky Bulldogs;16313;Ancients League;925927;1;44;33;True;21.0
8036701350;1510;1731657607;9601037.0;;7732977;BOOM Esports;17299;ESL One Bangkok 2024 Qualifiers powered by Intel;925925;1;8;43;False;21.0
8036701092;1813;1731657805;9593895.0;Gaozu;9409659;spiky gaming;17299;ESL One Bangkok 2024 Qualifiers powered by Intel;925924;1;27;11;True;21.0
8036699647;2789;1731657626;350190.0;Ascent Esports;9593627;;17299;ESL One Bangkok 2024 Qualifiers powered by Intel;925923;1;13;25;False;21.0
8036685624;2763;1731657604;9467224.0;Aurora Gaming;9547653;;17299;ESL One Bangkok 2024 Qualifiers powered by Intel;925920;1;26;26;False;21.0
8036674931;1510;1731655430;9425660.0;Shadow Avengers;9426115;Dark Rebellion;17233;Destiny League;925919;1;12;31;False;21.0
8036674725;1541;1731655324;8893825.0;Lucky Bulldogs;9330493;RuleBreakers;16313;Ancients League;925918;1;18;36;False;21.0
8036667422;1976;1731654796;8629317.0;Bright Crusaders;8629014;Dragon Blood;17233;Destiny League;925912;1;50;33;True;21.0
8036646385;1872;1731653039;9330493.0;RuleBreakers;8893825;Lucky Bulldogs;16313;Ancients League;925915;1;34;41;False;21.0
8036635755;2043;1731652286;2443375.0;Foxy gaming;9425656;LSG;17233;Destiny League;925904;1;36;33;True;21.0
8036635394;1524;1731652123;8629014.0;Dragon Blood;8629317;Bright Crusaders;17233;Destiny League;925912;1;19;33;False;21.0
8036616788;2086;1731650754;9545782.0;Ivory;9595260;;17299;ESL One Bangkok 2024 Qualifiers powered by Intel;925877;1;18;32;False;21.0
8036611359;1311;1731650084;9425656.0;LSG;2443375;Foxy gaming;17233;Destiny League;925904;1;24;16;True;21.0
8036609234;1570;1731649797;9332059.0;Ninja Bros;9332084;Lighting Legends;16313;Ancients League;925905;1;24;27;False;21.0
8036606934;1467;1731649614;8629318.0;Mad Monkeys;8629324;Swift Knights;17233;Destiny League;925892;1;38;17;True;21.0
8036582511;2246;1731647399;8261500.0;Xtreme Gaming;9448501;TEAM TURTLE;17299;ESL One Bangkok 2024 Qualifiers powered by Intel;925881;1;26;6;True;21.0
8036581875;1887;1731647342;9545782.0;Ivory;9595260;;17299;ESL One Bangkok 2024 Qualifiers powered by Intel;925877;1;22;10;True;21.0
8036580789;1817;1731647247;9332084.0;Lighting Legends;9332059;Ninja Bros;16313;Ancients League;925905;1;32;16;True;21.0
8036580087;2072;1731647237;2443375.0;Foxy gaming;9425656;LSG;17233;Destiny League;925904;1;45;28;True;21.0
8036578884;1173;1731647075;9600432.0;;8597976;Talon;17299;ESL One Bangkok 2024 Qualifiers powered by Intel;925885;1;8;29;False;21.0
8036578866;1828;1731647172;8629324.0;Swift Knights;8629318;Mad Monkeys;17233;Destiny League;925892;1;24;32;False;21.0
8036566537;1574;1731645942;9461007.0;Evil Rabbit;9351740;Yakult Brothers;17299;ESL One Bangkok 2024 Qualifiers powered by Intel;925879;1;7;26;False;21.0
8036548219;2117;1731644311;8629318.0;Mad Monkeys;8629324;Swift Knights;17233;Destiny League;925892;1;28;38;False;21.0
8036538420;1952;1731643599;8597976.0;Talon;9600432;;17299;ESL One Bangkok 2024 Qualifiers powered by Intel;925885;1;45;21;True;21.0
8036534310;2522;1731643479;9448501.0;TEAM TURTLE;8261500;Xtreme Gaming;17299;ESL One Bangkok 2024 Qualifiers powered by Intel;925881;1;24;33;False;21.0
8036533297;1036;1731643344;9351740.0;Yakult Brothers;9461007;Evil Rabbit;17299;ESL One Bangkok 2024 Qualifiers powered by Intel;925879;1;27;2;True;21.0
8036526306;2294;1731643202;9595260.0;;9545782;Ivory;17299;ESL One Bangkok 2024 Qualifiers powered by Intel;925877;1;29;32;True;21.0
8036505202;2303;1731640487;8849817.0;ZEUS THUNDER GOD;8849837;FALL VICTIMS;17163;Dota 2 Space League;925827;1;50;43;True;21.0
8036481689;1381;1731638358;8849837.0;FALL VICTIMS;8849817;ZEUS THUNDER GOD;17163;Dota 2 Space League;925827;1;26;20;True;21.0
8036455189;1785;1731635986;8849817.0;ZEUS THUNDER GOD;8849837;FALL VICTIMS;17163;Dota 2 Space League;925827;1;26;17;True;21.0
8036431276;1224;1731633963;9025669.0;CrimsonSky;8970060;Moonwalkers;17163;Dota 2 Space League;925812;1;7;23;False;21.0
8036411419;1474;1731631513;8970060.0;Moonwalkers;9025669;CrimsonSky;17163;Dota 2 Space League;925812;1;20;37;False;21.0
8036380221;1897;1731628391;9025669.0;CrimsonSky;8970060;Moonwalkers;17163;Dota 2 Space League;925812;1;22;28;False;21.0
8036348695;2097;1731625539;8850016.0;FLYING FORTUNE;8987220;HolyTeam;17163;Dota 2 Space League;925799;1;33;39;True;21.0
8036343541;1943;1731625277;8737621.0;Lava Esports ;9257597;Numa Numa Iei;17299;ESL One Bangkok 2024 Qualifiers powered by Intel;925787;1;45;15;True;21.0
8036322660;1346;1731623510;8987220.0;HolyTeam;8850016;FLYING FORTUNE;17163;Dota 2 Space League;925799;1;6;17;False;21.0
8036313899;1810;1731622781;9601198.0;;8538597;;17299;ESL One Bangkok 2024 Qualifiers powered by Intel;925790;1;19;29;False;21.0
8036307789;2522;1731622220;9601197.0;;9554686;Zone_Academy;17299;ESL One Bangkok 2024 Qualifiers powered by Intel;925788;1;27;29;False;21.0
8036306817;1713;1731622138;9257597.0;Numa Numa Iei;8737621;Lava Esports ;17299;ESL One Bangkok 2024 Qualifiers powered by Intel;925787;1;26;14;True;21.0
8036300275;1807;1731621668;9546351.0;BladeBreakers;9601195;;17299;ESL One Bangkok 2024 Qualifiers powered by Intel;925786;1;26;10;True;21.0
8036281339;1676;1731620247;8957156.0;Silent killer;8849833;VERTEX PACK;17163;Dota 2 Space League;925776;1;28;19;True;21.0
8036253338;1731;1731618653;9601198.0;;8538597;;17299;ESL One Bangkok 2024 Qualifiers powered by Intel;925790;1;10;33;False;21.0
8036248811;2290;1731618385;9554686.0;Zone_Academy;9601197;;17299;ESL One Bangkok 2024 Qualifiers powered by Intel;925788;1;31;29;True;21.0
8036247735;1657;1731618428;8737621.0;Lava Esports ;9257597.0;Numa Numa Iei;17299;ESL One Bangkok 2024 Qualifiers powered by Intel;925787;1;44;10;True;21
8036245297;1981;1731618141;9546351.0;BladeBreakers;9601195.0;;17299;ESL One Bangkok 2024 Qualifiers powered by Intel;925786;1;33;22;True;21
8036243160;2828;1731618025;9601160.0;;8910932.0;Infamous ;17367;EPL World Series: America 2024-2025 Season ;925743;1;38;40;True;21
8036237024;2229;1731617789;9600141.0;Zero Tenacity;5014799.0;Nemiga Gaming;17381;European Pro League  2024-2025 Season;925757;1;30;20;True;21
8036233391;2024;1731617546;8849833.0;VERTEX PACK;8957156.0;Silent killer;17163;Dota 2 Space League;925776;1;21;43;False;21
8036174359;1616;1731614664;5014799.0;Nemiga Gaming;9600141.0;Zero Tenacity;17381;European Pro League  2024-2025 Season;925757;1;31;8;True;21
8036170587;2337;1731614547;8957156.0;Silent killer;8849833.0;VERTEX PACK;17163;Dota 2 Space League;925776;1;35;27;False;21
8036138503;2834;1731613107;9601160.0;;8910932.0;Infamous ;17367;EPL World Series: America 2024-2025 Season ;925743;1;32;35;False;21
8036087354;1966;1731611042;9600141.0;Zero Tenacity;5014799.0;Nemiga Gaming;17381;European Pro League  2024-2025 Season;925757;1;30;15;True;21
8036029687;2566;1731608811;8910932.0;Infamous ;9601160.0;;17367;EPL World Series: America 2024-2025 Season ;925743;1;26;37;False;21
8035911563;1642;1731604435;8831040.0;Ghost Sheep;9587203.0;business club;17366;Ultras Dota Pro League  2024-25;925720;1;36;21;True;21
8035905180;2423;1731604202;9586122.0;4Pirates;9449748.0;DMS;17381;European Pro League  2024-2025 Season;925713;1;26;23;True;21
8035893745;1492;1731603857;8629317.0;Bright Crusaders;2443375.0;Foxy gaming;17233;Destiny League;925722;1;14;30;False;21
8035835766;1298;1731601887;2443375.0;Foxy gaming;8629317.0;Bright Crusaders;17233;Destiny League;925722;1;18;9;True;21
8035823867;1505;1731601315;9587203.0;business club;8831040.0;Ghost Sheep;17366;Ultras Dota Pro League  2024-25;925720;1;17;35;False;21
8035790083;2342;1731600151;9600141.0;Zero Tenacity;6517445.0;;17299;ESL One Bangkok 2024 Qualifiers powered by Intel;925714;0;36;26;True;21
8035785018;2400;1731600063;9586122.0;4Pirates;9449748.0;DMS;17381;European Pro League  2024-2025 Season;925713;1;26;18;True;21
8035759005;1403;1731599148;9426115.0;Dark Rebellion;8629318.0;Mad Monkeys;17233;Destiny League;925697;1;40;22;True;21
8035705468;1136;1731597272;9600141.0;Zero Tenacity;;;17299;ESL One Bangkok 2024 Qualifiers powered by Intel;0;0;29;14;True;21
8035704226;1661;1731597230;9366989.0;Flux;1838315.0;Team Secret;17299;ESL One Bangkok 2024 Qualifiers powered by Intel;925700;0;9;35;False;21
8035693974;2742;1731596890;9360651.0;Dandelions;9572608.0;Blue Submarine;17299;ESL One Bangkok 2024 Qualifiers powered by Intel;925698;0;19;47;False;21
8035692830;1696;1731596875;8629318.0;Mad Monkeys;9426115.0;Dark Rebellion;17233;Destiny League;925697;1;15;34;False;21
8035685413;1689;1731596598;9530716.0;Air Defence;9586420.0;KIBA ARMS;17366;Ultras Dota Pro League  2024-25;925696;1;22;55;False;21
8035639512;1618;1731595053;8588969.0;HYDRA;7422789.0;9Pandas;17381;European Pro League  2024-2025 Season;925680;1;14;42;False;21
8035615676;1915;1731594294;9425660.0;Shadow Avengers;8629014.0;Dragon Blood;17233;Destiny League;925664;1;25;15;True;21
8035594439;1716;1731593553;9360651.0;Dandelions;9572608.0;Blue Submarine;17299;ESL One Bangkok 2024 Qualifiers powered by Intel;925687;0;4;18;False;21
8035583190;2205;1731593177;9366989.0;Flux;1838315.0;Team Secret;17299;ESL One Bangkok 2024 Qualifiers powered by Intel;925684;0;12;25;False;21
8035570979;2276;1731592764;9586420.0;KIBA ARMS;8993427.0;Air Defense;17366;Ultras Dota Pro League  2024-25;925667;1;51;35;True;21
8035538105;1741;1731591686;8629014.0;Dragon Blood;9425660.0;Shadow Avengers;17233;Destiny League;925664;1;27;39;False;21
8035530456;1711;1731591483;7422789.0;9Pandas;8588969.0;HYDRA;17381;European Pro League  2024-2025 Season;925680;1;41;12;True;21
8035515744;1903;1731590852;9492830.0;Prodigy of God;9587203.0;business club;17366;Ultras Dota Pro League  2024-25;925677;1;26;43;False;21
8035484179;1787;1731589772;8993427.0;Air Defense;9586420.0;KIBA ARMS;17366;Ultras Dota Pro League  2024-25;925667;1;40;25;True;21
8035474660;1915;1731589368;9461007.0;Evil Rabbit;9600823.0;crychic;17299;ESL One Bangkok 2024 Qualifiers powered by Intel;925656;1;37;12;True;21
8035470193;1666;1731589411;9425660.0;Shadow Avengers;8629014.0;Dragon Blood;17233;Destiny League;925664;1;18;38;False;21
8035412014;1038;1731587182;9461007.0;Evil Rabbit;9600823.0;crychic;17299;ESL One Bangkok 2024 Qualifiers powered by Intel;925656;1;31;6;True;21
8035402935;2268;1731586552;9587203.0;business club;9486936.0;Prodigy of God;17366;Ultras Dota Pro League  2024-25;925653;1;54;21;True;21
8035392622;3123;1731586260;9017006.0;NAVI Junior;9403748.0;Dragon Esports Club;17381;European Pro League  2024-2025 Season;925633;1;45;16;True;21
8035351268;1537;1731584267;8893840.0;Big Bang Gaming;9330492.0;Iconic;16313;Ancients League;925638;1;15;40;False;21
8035346516;1773;1731584105;8629324.0;Swift Knights;8629315.0;Wiser Warriors;17233;Destiny League;925635;1;23;40;False;21
8035325801;1574;1731583033;9403748.0;Dragon Esports Club;9017006.0;NAVI Junior;17381;European Pro League  2024-2025 Season;925633;1;6;29;False;21
8035295757;2019;1731581487;9330492.0;Iconic;8893840.0;Big Bang Gaming;16313;Ancients League;925638;1;35;33;True;21
8035294602;3675;1731581511;350190.0;Ascent Esports;9461007.0;Evil Rabbit;17299;ESL One Bangkok 2024 Qualifiers powered by Intel;925620;1;50;25;True;21
8035291307;1908;1731581272;8629315.0;Wiser Warriors;8629324.0;Swift Knights;17233;Destiny League;925635;1;41;48;False;21
8035281686;1627;1731580695;9586420.0;KIBA ARMS;9594117.0;Team Flamingos;17366;Ultras Dota Pro League  2024-25;925628;1;12;29;False;21
8035256632;1470;1731579198;8893840.0;Big Bang Gaming;9330492.0;Iconic;16313;Ancients League;925638;1;30;24;True;21
8035246143;1933;1731578561;8629324.0;Swift Knights;8629315.0;Wiser Warriors;17233;Destiny League;925635;1;34;50;False;21
8035239670;2783;1731578418;9017006.0;NAVI Junior;9403748.0;Dragon Esports Club;17381;European Pro League  2024-2025 Season;925633;1;27;26;False;21
8035234682;2716;1731577794;350190.0;Ascent Esports;9461007.0;Evil Rabbit;17299;ESL One Bangkok 2024 Qualifiers powered by Intel;925620;1;27;37;False;21
8035225867;2534;1731577323;9594117.0;Team Flamingos;9586420.0;KIBA ARMS;17366;Ultras Dota Pro League  2024-25;925628;1;44;48;True;21
8035224227;1330;1731577102;9538207.0;Myth Avenue Gaming;;;17299;ESL One Bangkok 2024 Qualifiers powered by Intel;0;0;33;14;True;21
8035213921;1907;1731576404;9018528.0;Crew X;8893837.0;Parallel eSports;16313;Ancients League;925622;1;28;52;False;21
8035212944;1409;1731576386;9425660.0;Shadow Avengers;8629318.0;Mad Monkeys;17233;Destiny League;925618;1;22;29;False;21
8035184741;1420;1731574350;9601037.0;;;;17299;ESL One Bangkok 2024 Qualifiers powered by Intel;0;0;23;7;True;21
8035181222;1718;1731574099;9538207.0;Myth Avenue Gaming;;;17299;ESL One Bangkok 2024 Qualifiers powered by Intel;0;0;23;35;False;21
8035179180;1710;1731574095;8629318.0;Mad Monkeys;9425660.0;Shadow Avengers;17233;Destiny League;925618;1;19;36;False;21
8035175096;1970;1731573658;8893837.0;Parallel eSports;9018528.0;Crew X;16313;Ancients League;925622;1;34;30;True;21
8035166831;2571;1731573740;350190.0;Ascent Esports;9461007.0;Evil Rabbit;17299;ESL One Bangkok 2024 Qualifiers powered by Intel;925620;1;25;25;True;21
8035161968;1496;1731572721;2443375.0;Foxy gaming;8629014.0;Dragon Blood;17233;Destiny League;925616;1;28;23;True;21
8035148824;1555;1731571730;9593609.0;Nethercore;9594117.0;Team Flamingos;17366;Ultras Dota Pro League  2024-25;925619;1;16;44;False;21
8035148068;1627;1731571714;9425660.0;Shadow Avengers;8629318.0;Mad Monkeys;17233;Destiny League;925618;1;24;41;False;21
8035145726;1679;1731571496;9594485.0;;;;17299;ESL One Bangkok 2024 Qualifiers powered by Intel;0;0;23;16;True;21
8035143602;1891;1731571332;9538207.0;Myth Avenue Gaming;;;17299;ESL One Bangkok 2024 Qualifiers powered by Intel;0;0;27;12;True;21
8035137665;1801;1731570867;9330489.0;ThunderLab;8864178.0;Marvelous Warriors;16313;Ancients League;925606;1;20;35;False;21
8035135896;1313;1731570790;8629014.0;Dragon Blood;2443375.0;Foxy gaming;17233;Destiny League;925616;1;20;39;False;21
8035123359;1008;1731569787;9600823.0;crychic;9409659.0;spiky gaming;17299;ESL One Bangkok 2024 Qualifiers powered by Intel;925602;1;4;31;False;21
8035115720;1636;1731569185;8629317.0;Bright Crusaders;9425656.0;LSG;17233;Destiny League;925607;1;28;51;False;21
8035107248;1632;1731568473;8864178.0;Marvelous Warriors;9330489.0;ThunderLab;16313;Ancients League;925606;1;27;28;True;21
8035106505;1967;1731568598;9594117.0;Team Flamingos;9586443.0;Nethercore;17366;Ultras Dota Pro League  2024-25;925610;1;34;24;True;21
8035095498;2099;1731567516;9426115.0;Dark Rebellion;8629324.0;Swift Knights;17233;Destiny League;925604;1;35;46;False;21
8035093794;885;1731567360;9409659.0;spiky gaming;9600823.0;crychic;17299;ESL One Bangkok 2024 Qualifiers powered by Intel;925602;1;14;2;True;21
8035086425;1617;1731566829;9425656.0;LSG;8629317.0;Bright Crusaders;17233;Destiny League;925607;1;45;19;True;21
8035075203;2033;1731565752;9330489.0;ThunderLab;8864178.0;Marvelous Warriors;16313;Ancients League;925606;1;39;28;True;21
8035068245;1729;1731565155;8629324.0;Swift Knights;9426115.0;Dark Rebellion;17233;Destiny League;925604;1;41;24;True;21
8035060325;1487;1731564466;8629005.0;Flawless Goblins;2443375.0;Foxy gaming;17233;Destiny League;925596;1;28;19;True;21
8035050434;1303;1731563528;9018543.0;Hustlers;9332046.0;Dominatrix;16313;Ancients League;925597;1;19;32;False;21
8035049805;2020;1731564055;9600823.0;crychic;9409659.0;spiky gaming;17299;ESL One Bangkok 2024 Qualifiers powered by Intel;925602;1;25;11;True;21
8035032366;1690;1731561890;8629315.0;Wiser Warriors;8629318.0;Mad Monkeys;17233;Destiny League;925590;1;36;26;True;21
8035025193;1773;1731561202;9332046.0;Dominatrix;9018543.0;Hustlers;16313;Ancients League;925597;1;44;22;True;21
8035022155;2564;1731561138;2443375.0;Foxy gaming;8629005.0;Flawless Goblins;17233;Destiny League;925596;1;32;44;False;21
8034991404;1706;1731558188;8629318.0;Mad Monkeys;8629315.0;Wiser Warriors;17233;Destiny League;925590;1;21;34;False;21
8034969416;1862;1731556115;8849837.0;FALL VICTIMS;8970060.0;Moonwalkers;17163;Dota 2 Space League;925563;1;34;42;False;21
8034943258;1840;1731553688;8970060.0;Moonwalkers;8849837.0;FALL VICTIMS;17163;Dota 2 Space League;925563;1;26;41;False;21
8034914763;1919;1731551126;8849837.0;FALL VICTIMS;8970060.0;Moonwalkers;17163;Dota 2 Space League;925563;1;31;38;False;21
8034887642;1846;1731548522;8850016.0;FLYING FORTUNE;8849817.0;ZEUS THUNDER GOD;17163;Dota 2 Space League;925538;1;24;13;True;21
8034859135;2351;1731545707;8849817.0;ZEUS THUNDER GOD;8850016.0;FLYING FORTUNE;17163;Dota 2 Space League;925538;1;38;43;False;21
8034836981;1490;1731543601;8850016.0;FLYING FORTUNE;8849817.0;ZEUS THUNDER GOD;17163;Dota 2 Space League;925538;1;9;27;False;21
8034804452;2014;1731540564;8987220.0;HolyTeam;8849833.0;VERTEX PACK;17163;Dota 2 Space League;925526;1;27;31;False;21
8034789735;1394;1731539227;;;;;17299;ESL One Bangkok 2024 Qualifiers powered by Intel;0;0;25;10;True;21
8034780879;1673;1731538436;;;;;17299;ESL One Bangkok 2024 Qualifiers powered by Intel;0;0;34;7;True;21
8034776519;2718;1731538077;8367062.0;Pacific ;;;17299;ESL One Bangkok 2024 Qualifiers powered by Intel;0;0;22;32;False;21
8034774570;1466;1731537919;;;;;17299;ESL One Bangkok 2024 Qualifiers powered by Intel;0;0;23;17;True;21
8034768168;2252;1731537475;8849833.0;VERTEX PACK;8987220.0;HolyTeam;17163;Dota 2 Space League;925526;1;16;31;False;21
8034762033;1290;1731536929;;;;;17299;ESL One Bangkok 2024 Qualifiers powered by Intel;0;0;39;13;True;21
8034741599;1058;1731535434;;;;;17299;ESL One Bangkok 2024 Qualifiers powered by Intel;0;0;36;12;True;21
8034737970;1680;1731535184;;;;;17299;ESL One Bangkok 2024 Qualifiers powered by Intel;0;0;17;48;False;21
8034733681;1916;1731534897;;;7391226.0;A E A ;17299;ESL One Bangkok 2024 Qualifiers powered by Intel;0;0;15;42;False;21
8034731576;1784;1731534754;8367062.0;Pacific ;;;17299;ESL One Bangkok 2024 Qualifiers powered by Intel;0;0;35;19;True;21
8034730262;978;1731534666;;;;;17299;ESL One Bangkok 2024 Qualifiers powered by Intel;0;0;38;4;True;21
8034730181;1745;1731534750;8987220.0;HolyTeam;8849833.0;VERTEX PACK;17163;Dota 2 Space League;925526;1;21;31;False;21
8034729836;1761;1731534637;;;;;17299;ESL One Bangkok 2024 Qualifiers powered by Intel;0;0;38;18;True;21
8034727601;2741;1731534490;9579002.0;Randoms Esports;;;17299;ESL One Bangkok 2024 Qualifiers powered by Intel;0;0;28;42;False;21
8034726440;1762;1731534420;;;;;17299;ESL One Bangkok 2024 Qualifiers powered by Intel;0;0;37;11;True;21
8034721936;2963;1731534124;;;7666141.0;TheLadiesLove;17299;ESL One Bangkok 2024 Qualifiers powered by Intel;0;0;29;24;True;21
8034721434;2353;1731534094;;;8993162.0;The Sleepers4;17299;ESL One Bangkok 2024 Qualifiers powered by Intel;0;0;34;33;True;21
8034695388;2515;1731532537;;;;;17299;ESL One Bangkok 2024 Qualifiers powered by Intel;0;0;24;40;False;21
8034688999;1020;1731532176;;;;;17299;ESL One Bangkok 2024 Qualifiers powered by Intel;0;0;45;6;True;21
8034687943;827;1731532118;9373482.0;Team Antares;;;17299;ESL One Bangkok 2024 Qualifiers powered by Intel;0;0;6;19;False;21
8034685371;1524;1731531978;;;9487163.0;;17299;ESL One Bangkok 2024 Qualifiers powered by Intel;0;0;10;22;False;21
8034684841;1489;1731531948;;;;;17299;ESL One Bangkok 2024 Qualifiers powered by Intel;0;0;31;21;True;21
8034683887;1515;1731531897;9380962.0;THE PURGE;;;17299;ESL One Bangkok 2024 Qualifiers powered by Intel;0;0;10;37;False;21
8034683847;2260;1731531894;9579022.0;Puraka esports;8520231.0;China Club;17299;ESL One Bangkok 2024 Qualifiers powered by Intel;925515;0;31;40;False;21
8034683813;1414;1731531893;8737621.0;Lava Esports ;;;17299;ESL One Bangkok 2024 Qualifiers powered by Intel;0;0;35;12;True;21
8034683514;2432;1731531875;9593827.0;TEAM RPP;9600979.0;;17299;ESL One Bangkok 2024 Qualifiers powered by Intel;925511;0;25;28;False;21
8034682877;1551;1731531842;9578790.0;;9594005.0;;17299;ESL One Bangkok 2024 Qualifiers powered by Intel;925513;0;5;28;False;21
8034682589;1600;1731531826;9579002.0;Randoms Esports;;;17299;ESL One Bangkok 2024 Qualifiers powered by Intel;0;0;40;19;True;21
8034682440;1154;1731531818;;;;;17299;ESL One Bangkok 2024 Qualifiers powered by Intel;0;0;37;9;True;21
8034681736;716;1731531779;8367062.0;Pacific ;;;17299;ESL One Bangkok 2024 Qualifiers powered by Intel;0;0;24;1;True;21
8034680901;2291;1731531734;;;9594398.0;DOTAMIGOS G4MING;17299;ESL One Bangkok 2024 Qualifiers powered by Intel;0;0;37;44;True;21
8034680767;1143;1731531727;;;8126176.0;Rampage Heroes;17299;ESL One Bangkok 2024 Qualifiers powered by Intel;0;0;53;11;True;21
8034680657;1951;1731531720;;;;;17299;ESL One Bangkok 2024 Qualifiers powered by Intel;0;0;28;33;False;21
8034680608;1855;1731531718;;;;;17299;ESL One Bangkok 2024 Qualifiers powered by Intel;0;0;44;10;True;21
8034680335;2043;1731531853;9025669.0;CrimsonSky;8957156.0;Silent killer;17163;Dota 2 Space League;925502;1;27;28;True;21
8034680234;1263;1731531695;8993162.0;The Sleepers4;;;17299;ESL One Bangkok 2024 Qualifiers powered by Intel;0;0;48;11;True;21
8034679783;3053;1731531670;;;;;17299;ESL One Bangkok 2024 Qualifiers powered by Intel;0;0;39;27;True;21
8034679676;1365;1731531666;;;7666141.0;TheLadiesLove;17299;ESL One Bangkok 2024 Qualifiers powered by Intel;0;0;10;49;False;21
8034614097;1644;1731528523;8957156.0;Silent killer;9025669.0;CrimsonSky;17163;Dota 2 Space League;925502;1;14;14;False;21
8034508593;2500;1731523936;9530716.0;Air Defence;9381131.0;Uzumaki;17366;Ultras Dota Pro League  2024-25;925465;1;33;62;False;21
8034503668;2286;1731523742;9600923.0;Pirate and Cow;9600798.0;Ethereal Edge;17299;ESL One Bangkok 2024 Qualifiers powered by Intel;925475;0;21;41;False;21
8034418210;2244;1731520579;9381131.0;Uzumaki;9530716.0;Air Defence;17366;Ultras Dota Pro League  2024-25;925465;1;67;20;True;21
8034384800;1471;1731519254;9389234.0;Bushido;9366989.0;Flux;17299;ESL One Bangkok 2024 Qualifiers powered by Intel;925460;0;9;31;False;21
8034366125;988;1731518579;9025359.0;The Covenant;9600923.0;Pirate and Cow;17299;ESL One Bangkok 2024 Qualifiers powered by Intel;925444;1;28;8;True;21
8034323718;1886;1731517092;8629317.0;Bright Crusaders;9425660.0;Shadow Avengers;17233;Destiny League;925419;1;33;20;True;21
8034323399;2351;1731517052;8831040.0;Ghost Sheep;9120549.0;Rakuzan;17366;Ultras Dota Pro League  2024-25;925406;1;50;36;True;21
8034320543;1613;1731516951;9546950.0;Habibis;;;17299;ESL One Bangkok 2024 Qualifiers powered by Intel;0;0;20;53;False;21
8034316768;1604;1731516818;9420570.0;Quantum;1838315.0;Team Secret;17299;ESL One Bangkok 2024 Qualifiers powered by Intel;925449;0;9;35;False;21
8034306641;1730;1731516459;9187903.0;Rogue Squad;;;17299;ESL One Bangkok 2024 Qualifiers powered by Intel;0;0;36;28;True;21
8034297854;1874;1731516151;9530716.0;Air Defence;9492830.0;Prodigy of God;17366;Ultras Dota Pro League  2024-25;925446;1;21;55;False;21
8034297047;1382;1731516122;9600141.0;Zero Tenacity;;;17299;ESL One Bangkok 2024 Qualifiers powered by Intel;0;0;30;13;True;21
8034295771;1921;1731516078;;;9360651.0;Dandelions;17299;ESL One Bangkok 2024 Qualifiers powered by Intel;0;0;9;26;False;21
8034294070;1034;1731516090;9600923.0;Pirate and Cow;9025359.0;The Covenant;17299;ESL One Bangkok 2024 Qualifiers powered by Intel;925444;1;4;45;False;21
8034288054;2409;1731515806;9586122.0;4Pirates;9572608.0;Blue Submarine;17299;ESL One Bangkok 2024 Qualifiers powered by Intel;925442;0;14;35;False;21
8034260038;1609;1731514883;9425660.0;Shadow Avengers;8629317.0;Bright Crusaders;17233;Destiny League;925419;1;30;25;True;21
8034253404;1553;1731514591;9120549.0;Rakuzan;8831040.0;Ghost Sheep;17366;Ultras Dota Pro League  2024-25;925406;1;15;43;False;21
8034247897;1143;1731514400;9187903.0;Rogue Squad;9600798.0;Ethereal Edge;17299;ESL One Bangkok 2024 Qualifiers powered by Intel;925436;0;54;6;True;21
8034247159;1721;1731514376;9450071.0;Fusion Esports;9407491.0;Universitario eSports ;17318;Summoner’s Cup;925414;1;32;17;True;21
8034224685;1003;1731513598;;;;;17299;ESL One Bangkok 2024 Qualifiers powered by Intel;0;0;34;11;True;21
8034222619;1943;1731513528;9530669.0;Neutralcamp;6517445.0;;17299;ESL One Bangkok 2024 Qualifiers powered by Intel;925426;0;23;35;False;21
8034220942;1219;1731513470;9546950.0;Habibis;2162841.0;Hagreed is good;17299;ESL One Bangkok 2024 Qualifiers powered by Intel;925425;0;34;10;True;21
8034218875;4033;1731513398;9389234.0;Bushido;9593652.0;Invoke.Pantheon;17299;ESL One Bangkok 2024 Qualifiers powered by Intel;925424;0;41;39;True;21
8034214342;1555;1731513297;9486936.0;Prodigy of God;9530716.0;Air Defence;17366;Ultras Dota Pro League  2024-25;925422;1;40;17;True;21
8034210508;1369;1731513106;9600235.0;;9586122.0;4Pirates;17299;ESL One Bangkok 2024 Qualifiers powered by Intel;925421;0;7;28;False;21
8034202979;2457;1731512849;9366989.0;Flux;;;17299;ESL One Bangkok 2024 Qualifiers powered by Intel;0;0;36;19;True;21
8034196743;1526;1731512705;8629317.0;Bright Crusaders;9425660.0;Shadow Avengers;17233;Destiny League;925419;1;35;17;True;21
8034194300;2407;1731512551;9403748.0;Dragon Esports Club;1838315.0;Team Secret;17299;ESL One Bangkok 2024 Qualifiers powered by Intel;925418;0;21;33;False;21
8034191983;1677;1731512476;9360651.0;Dandelions;9444025.0;TT InfinBank;17299;ESL One Bangkok 2024 Qualifiers powered by Intel;925416;0;26;13;True;21
8034186177;1988;1731512275;;;;;17299;ESL One Bangkok 2024 Qualifiers powered by Intel;0;0;26;10;True;21
8034180495;1256;1731512086;9600141.0;Zero Tenacity;7009187.0;Istanbul Tech;17299;ESL One Bangkok 2024 Qualifiers powered by Intel;925415;0;31;10;True;21
8034167070;2095;1731511637;;;9572608.0;Blue Submarine;17299;ESL One Bangkok 2024 Qualifiers powered by Intel;0;0;15;29;False;21
8034163898;1373;1731511529;9407491.0;Universitario eSports ;9450071.0;Fusion Esports;17318;Summoner’s Cup;925414;1;6;25;False;21
8034140542;982;1731510757;9389234.0;Bushido;8681474.0;Old School;17299;ESL One Bangkok 2024 Qualifiers powered by Intel;925412;0;33;6;True;21
8034140472;1340;1731510754;;;;;17299;ESL One Bangkok 2024 Qualifiers powered by Intel;0;0;63;19;True;21
8034131650;411;1731510466;9600141.0;Zero Tenacity;9595258.0;Kukaracha Team;17299;ESL One Bangkok 2024 Qualifiers powered by Intel;925410;0;16;1;True;21
8034126016;2221;1731510281;;;;;17299;ESL One Bangkok 2024 Qualifiers powered by Intel;0;0;26;15;True;21
8034125839;989;1731510275;;;;;17299;ESL One Bangkok 2024 Qualifiers powered by Intel;0;0;34;4;True;21
8034124445;1639;1731510333;8629324.0;Swift Knights;9426115.0;Dark Rebellion;17233;Destiny League;925396;1;19;18;True;21
8034124206;459;1731510223;9530669.0;Neutralcamp;9249170.0;M E Y S T E R S ;17299;ESL One Bangkok 2024 Qualifiers powered by Intel;925408;0;8;1;True;21
8034122371;1536;1731510163;8414530.0;Les Baguet;8223461.0;Children of Roshan;17299;ESL One Bangkok 2024 Qualifiers powered by Intel;925405;0;39;17;True;21
8034121775;1438;1731510197;8831040.0;Ghost Sheep;9120549.0;Rakuzan;17366;Ultras Dota Pro League  2024-25;925406;1;15;35;False;21
8034121136;1140;1731510121;;;9073551.0;Team Blade;17299;ESL One Bangkok 2024 Qualifiers powered by Intel;0;0;40;7;True;21
8034120987;497;1731510115;;;8850039.0;Chrome Sports;17299;ESL One Bangkok 2024 Qualifiers powered by Intel;0;0;14;2;True;21
8034120625;2180;1731510104;;;;;17299;ESL One Bangkok 2024 Qualifiers powered by Intel;0;0;16;41;False;21
8034111368;1127;1731509797;;;;;17299;ESL One Bangkok 2024 Qualifiers powered by Intel;0;0;39;11;True;21
8034109196;1780;1731509723;;;9555587.0;bungee gum;17299;ESL One Bangkok 2024 Qualifiers powered by Intel;0;0;40;16;True;21
8034096494;860;1731509296;9360651.0;Dandelions;9103961.0;StormSquad;17299;ESL One Bangkok 2024 Qualifiers powered by Intel;925400;0;35;4;True;21
8034096310;2637;1731509352;8993427.0;Air Defense;9593609.0;Nethercore;17366;Ultras Dota Pro League  2024-25;925398;1;43;51;False;21
8034084659;834;1731508907;9403748.0;Dragon Esports Club;9427032.0;812);17299;ESL One Bangkok 2024 Qualifiers powered by Intel;925397;0;25;4;True;21
8034080266;1664;1731508761;9600235.0;;;;17299;ESL One Bangkok 2024 Qualifiers powered by Intel;0;0;39;29;True;21
8034075206;2032;1731508593;;;9444025.0;TT InfinBank;17299;ESL One Bangkok 2024 Qualifiers powered by Intel;0;0;15;41;False;21
8034074523;2411;1731508570;;;1838315.0;Team Secret;17299;ESL One Bangkok 2024 Qualifiers powered by Intel;0;0;17;21;False;21
8034052549;1557;1731508027;9426115.0;Dark Rebellion;8629324.0;Swift Knights;17233;Destiny League;925396;1;15;18;False;21
8034034660;3552;1731507254;9586122.0;4Pirates;9571336.0;Team Fable;17299;ESL One Bangkok 2024 Qualifiers powered by Intel;925393;0;34;39;True;21
8034033961;1294;1731507231;9555587.0;bungee gum;3477092.0;Low Skill Dota;17299;ESL One Bangkok 2024 Qualifiers powered by Intel;925390;0;61;14;True;21
8034033225;1734;1731507207;8850039.0;Chrome Sports;9547180.0;НГАСУ (Д);17299;ESL One Bangkok 2024 Qualifiers powered by Intel;925392;0;51;11;True;21
8034031446;2387;1731507148;9593652.0;Invoke.Pantheon;9143209.0;пипяо;17299;ESL One Bangkok 2024 Qualifiers powered by Intel;925391;0;43;28;True;21
8034025861;1904;1731506963;;;8713814.0;Aurum;17299;ESL One Bangkok 2024 Qualifiers powered by Intel;0;0;38;26;True;21
8034022253;2651;1731506843;9247798.0;Passion UA;9572608.0;Blue Submarine;17299;ESL One Bangkok 2024 Qualifiers powered by Intel;925387;0;45;35;False;21
8034022107;1249;1731506839;9504780.0;Rakuzan;9586420.0;KIBA ARMS;17366;Ultras Dota Pro League  2024-25;925371;1;9;49;False;21
8034022100;2549;1731506838;9366989.0;Flux;;;17299;ESL One Bangkok 2024 Qualifiers powered by Intel;0;0;29;23;True;21
8034019073;819;1731506736;2607005.0;;;;17299;ESL One Bangkok 2024 Qualifiers powered by Intel;0;0;40;6;True;21
8034018696;1146;1731506726;9427032.0;812);;;17299;ESL One Bangkok 2024 Qualifiers powered by Intel;0;0;40;3;True;21
8034017513;1473;1731506687;;;9595258.0;Kukaracha Team;17299;ESL One Bangkok 2024 Qualifiers powered by Intel;0;0;38;18;True;21
8034017509;1923;1731506686;;;;;17299;ESL One Bangkok 2024 Qualifiers powered by Intel;0;0;10;22;False;21
8034015610;1321;1731506623;9103961.0;StormSquad;;;17299;ESL One Bangkok 2024 Qualifiers powered by Intel;0;0;24;3;True;21
8034011826;1086;1731506502;9444025.0;TT InfinBank;;;17299;ESL One Bangkok 2024 Qualifiers powered by Intel;0;0;57;11;True;21
8034011739;994;1731506498;1838315.0;Team Secret;;;17299;ESL One Bangkok 2024 Qualifiers powered by Intel;0;0;53;5;True;21
8034010477;2537;1731506452;8681474.0;Old School;;;17299;ESL One Bangkok 2024 Qualifiers powered by Intel;0;0;55;47;True;21
8033969620;1892;1731505082;8629005.0;Flawless Goblins;8629318.0;Mad Monkeys;17233;Destiny League;925372;1;38;27;True;21
8033957403;2168;1731504638;9586443.0;Nethercore;9530716.0;Air Defence;17366;Ultras Dota Pro League  2024-25;925381;1;56;22;True;21
8033910728;1465;1731503041;8629318.0;Mad Monkeys;8629005.0;Flawless Goblins;17233;Destiny League;925372;1;16;26;False;21
8033907629;1982;1731502873;9586420.0;KIBA ARMS;9504780.0;Rakuzan;17366;Ultras Dota Pro League  2024-25;925371;1;28;28;True;21
8033832331;3283;1731500157;8993427.0;Air Defense;9586443.0;Nethercore;17366;Ultras Dota Pro League  2024-25;925364;1;48;53;True;21
8033806350;1277;1731498796;9332084.0;Lighting Legends;8893825.0;Lucky Bulldogs;16313;Ancients League;925355;1;19;34;False;21
8033805987;2757;1731498780;9586420.0;KIBA ARMS;8831040.0;Ghost Sheep;17366;Ultras Dota Pro League  2024-25;925347;1;48;72;False;21
8033799631;1237;1731498564;9425660.0;Shadow Avengers;8629315.0;Wiser Warriors;17233;Destiny League;925360;1;25;22;True;21
8033758817;1475;1731496569;8893825.0;Lucky Bulldogs;9332084.0;Lighting Legends;16313;Ancients League;925355;1;31;17;True;21
8033745119;1878;1731495936;8629315.0;Wiser Warriors;9425660.0;Shadow Avengers;17233;Destiny League;917982;1;21;43;False;21
8033738739;2427;1731495537;8831040.0;Ghost Sheep;9586420.0;KIBA ARMS;17366;Ultras Dota Pro League  2024-25;925347;1;38;50;False;21
8033730374;1974;1731495091;9594120.0;Team Flamingos;9586443.0;Nethercore;17366;Ultras Dota Pro League  2024-25;925343;1;33;17;True;21
8033717984;1350;1731494418;9332069.0;Mister Maniacs;9330493.0;RuleBreakers;16313;Ancients League;925340;1;33;19;True;21
8033700862;1555;1731493522;9425656.0;LSG;8629317.0;Bright Crusaders;17233;Destiny League;925342;1;30;15;True;21
8033689749;2512;1731492775;;;;;17299;ESL One Bangkok 2024 Qualifiers powered by Intel;0;0;43;21;True;21
8033689523;1507;1731492869;9586420.0;KIBA ARMS;8831040.0;Ghost Sheep;17366;Ultras Dota Pro League  2024-25;925347;1;16;58;False;21
8033676360;1865;1731491959;9330493.0;RuleBreakers;9332069.0;Mister Maniacs;16313;Ancients League;925340;1;40;43;False;21
8033671306;2339;1731491698;9586443.0;Nethercore;9594120.0;Team Flamingos;17366;Ultras Dota Pro League  2024-25;925343;1;29;30;False;21
8033668922;1348;1731491516;8629317.0;Bright Crusaders;9425656.0;LSG;17233;Destiny League;925342;1;11;35;False;21
8033650384;1646;1731490296;8629324.0;Swift Knights;8629005.0;Flawless Goblins;17233;Destiny League;925324;1;37;18;True;21
8033640074;1453;1731489572;9332069.0;Mister Maniacs;9330493.0;RuleBreakers;16313;Ancients League;925340;1;13;30;False;21
8033630134;2487;1731488875;9538207.0;Myth Avenue Gaming;9586396.0;;17299;ESL One Bangkok 2024 Qualifiers powered by Intel;925335;0;35;30;True;21
8033625702;1685;1731488567;9600191.0;Groomify;;;17299;ESL One Bangkok 2024 Qualifiers powered by Intel;0;0;17;32;False;21
8033618137;2340;1731488121;8629318.0;Mad Monkeys;2443375.0;Foxy gaming;17233;Destiny League;925323;1;44;38;False;21
8033614833;2311;1731487790;;;;;17299;ESL One Bangkok 2024 Qualifiers powered by Intel;0;0;12;34;False;21
8033614553;1936;1731488476;350190.0;Ascent Esports;9600387.0;;17299;ESL One Bangkok 2024 Qualifiers powered by Intel;925330;0;27;15;True;21
8033613197;1498;1731487678;;;;;17299;ESL One Bangkok 2024 Qualifiers powered by Intel;0;0;2;28;False;21
8033609181;1643;1731487425;8629005.0;Flawless Goblins;8629324.0;Swift Knights;17233;Destiny League;925324;1;31;44;False;21
8033602645;1516;1731486908;8936507.0;FenixTeam;9332046.0;Dominatrix;16313;Ancients League;925314;1;14;33;False;21
8033590005;1263;1731486045;2443375.0;Foxy gaming;8629318.0;Mad Monkeys;17233;Destiny League;925323;1;34;16;True;21
8033580091;1801;1731485283;9586443.0;Nethercore;9586420.0;KIBA ARMS;17366;Ultras Dota Pro League  2024-25;925317;1;24;41;False;21
8033578381;1650;1731485151;;;;;17299;ESL One Bangkok 2024 Qualifiers powered by Intel;0;0;24;3;True;21
8033577632;1923;1731485096;;;;;17299;ESL One Bangkok 2024 Qualifiers powered by Intel;0;0;13;38;False;21
8033577100;1614;1731485057;9272068.0;500 Bananas;;;17299;ESL One Bangkok 2024 Qualifiers powered by Intel;0;0;15;47;False;21
8033576038;2867;1731484976;9554522.0;Dominator Esports;9586396.0;;17299;ESL One Bangkok 2024 Qualifiers powered by Intel;925326;0;34;30;False;21
8033575878;1813;1731484963;;;;;17299;ESL One Bangkok 2024 Qualifiers powered by Intel;0;0;17;46;False;21
8033575313;1941;1731484920;;;9254408.0;The Immortal;17299;ESL One Bangkok 2024 Qualifiers powered by Intel;0;0;35;7;True;21
8033573670;1681;1731484842;8629324.0;Swift Knights;8629005.0;Flawless Goblins;17233;Destiny League;925324;1;22;29;False;21
8033566629;1901;1731484253;9332046.0;Dominatrix;8936507.0;FenixTeam;16313;Ancients League;925314;1;28;33;False;21
8033561709;1268;1731484022;8629318.0;Mad Monkeys;2443375.0;Foxy gaming;17233;Destiny League;925323;1;28;20;True;21
8033552753;3105;1731483382;9373848.0;ToLight TEAM;9461007.0;Evil Rabbit;17299;ESL One Bangkok 2024 Qualifiers powered by Intel;925319;0;40;36;False;21
8033543877;1743;1731482512;9586420.0;KIBA ARMS;9586443.0;Nethercore;17366;Ultras Dota Pro League  2024-25;925317;1;39;18;True;21
8033539525;1643;1731482174;8629315.0;Wiser Warriors;8629014.0;Dragon Blood;17233;Destiny League;925306;1;27;33;False;21
8033537542;1474;1731481943;8936507.0;FenixTeam;9332046.0;Dominatrix;16313;Ancients League;925314;1;12;30;False;21
8033524585;2157;1731480967;9426115.0;Dark Rebellion;8629005.0;Flawless Goblins;17233;Destiny League;925302;1;42;53;False;21
8033513006;1644;1731479932;8629014.0;Dragon Blood;8629315.0;Wiser Warriors;17233;Destiny League;925306;1;31;14;True;21
8033504127;1946;1731479135;9330485.0;BulletProofs;8961813.0;SHAOLIN;16313;Ancients League;925300;1;29;37;False;21
8033494861;1826;1731478342;8629005.0;Flawless Goblins;9426115.0;Dark Rebellion;17233;Destiny League;925302;1;25;36;False;21
8033486159;1770;1731477506;8629315.0;Wiser Warriors;8629014.0;Dragon Blood;17233;Destiny League;925306;1;38;25;True;21
8033477330;3822;1731477649;9247646.0;Team trust;9600823.0;crychic;17299;ESL One Bangkok 2024 Qualifiers powered by Intel;925305;0;47;50;False;21
8033475744;1904;1731476561;8961813.0;SHAOLIN;9330485.0;BulletProofs;16313;Ancients League;925300;1;39;27;True;21
8033464319;1894;1731475679;8629005.0;Flawless Goblins;9426115.0;Dark Rebellion;17233;Destiny League;925302;1;48;33;True;21
8033456313;1238;1731474781;9330485.0;BulletProofs;8961813.0;SHAOLIN;16313;Ancients League;925300;1;23;8;True;21
8033454509;1729;1731474625;9425660.0;Shadow Avengers;9425656.0;LSG;17233;Destiny League;925296;1;31;18;True;21
8033430864;1418;1731472479;9425656.0;LSG;9425660.0;Shadow Avengers;17233;Destiny League;925296;1;14;22;False;21
8033374661;1852;1731467419;8849837.0;FALL VICTIMS;8850016.0;FLYING FORTUNE;17163;Dota 2 Space League;925272;1;38;18;True;21
8033346664;1881;1731464811;8850016.0;FLYING FORTUNE;8849837.0;FALL VICTIMS;17163;Dota 2 Space League;925272;1;19;31;False;21
8033321677;1711;1731462482;8849837.0;FALL VICTIMS;8850016.0;FLYING FORTUNE;17163;Dota 2 Space League;925272;1;32;40;False;21
8033296460;1747;1731460083;8970060.0;Moonwalkers;8849833.0;VERTEX PACK;17163;Dota 2 Space League;925260;1;31;31;True;21
8033272304;1889;1731457703;8849833.0;VERTEX PACK;8970060.0;Moonwalkers;17163;Dota 2 Space League;925260;1;25;35;False;21
8033241536;1821;1731454722;9025669.0;CrimsonSky;8987220.0;HolyTeam;17163;Dota 2 Space League;925243;1;22;28;False;21
8033229257;1703;1731453725;9257597.0;Numa Numa Iei;9450071.0;Fusion Esports;17299;ESL One Bangkok 2024 Qualifiers powered by Intel;925234;1;11;34;False;21
8033216735;2278;1731452405;9600783.0;aCatsuki;9600785.0;grin;17367;EPL World Series: America 2024-2025 Season ;925232;1;20;42;False;21
8033215023;1794;1731452189;8987220.0;HolyTeam;9025669.0;CrimsonSky;17163;Dota 2 Space League;925243;1;32;14;True;21
8033184123;1937;1731449726;9025669.0;CrimsonSky;8987220.0;HolyTeam;17163;Dota 2 Space League;925243;1;35;30;True;21
8033182160;2261;1731449552;9257597.0;Numa Numa Iei;9450071.0;Fusion Esports;17299;ESL One Bangkok 2024 Qualifiers powered by Intel;925234;1;39;13;True;21
8033174427;2734;1731449003;8697185.0;Fantasy Gaming;1798457.0;Hokori;17299;ESL One Bangkok 2024 Qualifiers powered by Intel;925233;1;29;34;False;21
8033171462;1940;1731448795;9600783.0;aCatsuki;9600785.0;grin;17367;EPL World Series: America 2024-2025 Season ;925232;1;17;35;False;21
8033158093;1007;1731447873;9593704.0;CONSILIUM;9523633.0;KOBRAVEX;17299;ESL One Bangkok 2024 Qualifiers powered by Intel;925236;1;31;9;True;21
8033142240;1876;1731446927;8849817.0;ZEUS THUNDER GOD;8957156.0;Silent killer;17163;Dota 2 Space League;925220;1;30;21;True;21
8033126950;860;1731445978;9523633.0;KOBRAVEX;9593704.0;CONSILIUM;17299;ESL One Bangkok 2024 Qualifiers powered by Intel;925236;1;8;28;False;21
8033120102;2281;1731445730;9257597.0;Numa Numa Iei;9450071.0;Fusion Esports;17299;ESL One Bangkok 2024 Qualifiers powered by Intel;925234;1;18;32;False;21
8033119801;2212;1731445575;8697185.0;Fantasy Gaming;1798457.0;Hokori;17299;ESL One Bangkok 2024 Qualifiers powered by Intel;925233;1;20;24;False;21
8033115086;1761;1731445464;9600785.0;grin;9600783.0;aCatsuki;17367;EPL World Series: America 2024-2025 Season ;925232;1;15;34;False;21
8033111204;1189;1731445104;8957156.0;Silent killer;8849817.0;ZEUS THUNDER GOD;17163;Dota 2 Space League;925220;1;14;24;False;21
8033065589;1812;1731442816;8849817.0;ZEUS THUNDER GOD;8957156.0;Silent killer;17163;Dota 2 Space League;925220;1;20;46;False;21
8032987006;3184;1731439363;9381678.0;Apex Genesis;9302841.0;South Team;17318;Summoner’s Cup;925165;1;41;41;True;21
8032900053;1901;1731436083;9302841.0;South Team;9381678.0;Apex Genesis;17318;Summoner’s Cup;925165;1;13;35;False;21
8032871558;1762;1731434894;9600141.0;Zero Tenacity;9162417.0;Nightshade Esports;17381;European Pro League  2024-2025 Season;925138;1;40;17;True;21
8032795507;2219;1731432190;9407491.0;Universitario eSports ;8737621.0;Lava Esports ;17318;Summoner’s Cup;925112;1;18;37;False;21
8032758055;2020;1731430890;9162417.0;Nightshade Esports;9600141.0;Zero Tenacity;17381;European Pro League  2024-2025 Season;925138;1;21;37;False;21
8032744672;1842;1731430326;8629014.0;Dragon Blood;8629318.0;Mad Monkeys;17233;Destiny League;925115;1;21;24;False;21
8032722722;1914;1731429441;8831040.0;Ghost Sheep;9504780.0;Rakuzan;17366;Ultras Dota Pro League  2024-25;925117;1;39;26;True;21
8032696085;1945;1731428506;8737621.0;Lava Esports ;9407491.0;Universitario eSports ;17318;Summoner’s Cup;925112;1;17;30;False;21
8032691600;1265;1731428354;;;;;17299;ESL One Bangkok 2024 Qualifiers powered by Intel;0;0;35;15;True;21
8032677020;1751;1731427891;8629318.0;Mad Monkeys;8629014.0;Dragon Blood;17233;Destiny League;925115;1;28;33;False;21
8032613478;1537;1731425795;8629014.0;Dragon Blood;8629318.0;Mad Monkeys;17233;Destiny League;925115;1;15;24;False;21
8032607829;2077;1731425463;9420570.0;Quantum;;;17299;ESL One Bangkok 2024 Qualifiers powered by Intel;0;0;20;25;False;21
8032606398;1614;1731426503;9504780.0;Rakuzan;8831040.0;Ghost Sheep;17366;Ultras Dota Pro League  2024-25;925117;1;22;40;False;21
8032577527;2104;1731424451;;;;;17299;ESL One Bangkok 2024 Qualifiers powered by Intel;0;0;51;24;True;21
8032573497;2809;1731424390;9407491.0;Universitario eSports ;8737621.0;Lava Esports ;17318;Summoner’s Cup;925112;1;23;56;False;21
8032564638;2325;1731424024;9017006.0;NAVI Junior;9572608.0;Blue Submarine;17299;ESL One Bangkok 2024 Qualifiers powered by Intel;925109;0;36;26;True;21
8032553715;1361;1731423684;8629324.0;Swift Knights;2443375.0;Foxy gaming;17233;Destiny League;925098;1;17;22;False;21
8032495421;1743;1731421736;9403748.0;Dragon Esports Club;8376696.0;One Move;17381;European Pro League  2024-2025 Season;925103;1;19;37;False;21
8032478648;1706;1731421424;2443375.0;Foxy gaming;8629324.0;Swift Knights;17233;Destiny League;925098;1;25;20;True;21
8032470724;1291;1731420947;9594117.0;Team Flamingos;9492830.0;Prodigy of God;17366;Ultras Dota Pro League  2024-25;925077;1;11;33;False;21
8032460802;2728;1731420599;9420570.0;Quantum;9594647.0;PuckChamp;17299;ESL One Bangkok 2024 Qualifiers powered by Intel;925097;0;25;45;False;21
8032457222;2274;1731420481;9017006.0;NAVI Junior;9572608.0;Blue Submarine;17299;ESL One Bangkok 2024 Qualifiers powered by Intel;925095;0;32;15;True;21
8032420490;1281;1731419286;9426115.0;Dark Rebellion;8629315.0;Wiser Warriors;17233;Destiny League;925081;1;10;16;False;21
8032387777;1946;1731418106;9594117.0;Team Flamingos;9492830.0;Prodigy of God;17366;Ultras Dota Pro League  2024-25;925077;1;37;30;True;21
8032339482;3589;1731416535;8376696.0;One Move;9403748.0;Dragon Esports Club;17381;European Pro League  2024-2025 Season;925082;3;38;31;True;21
8032337777;1945;1731416468;8629315.0;Wiser Warriors;9426115.0;Dark Rebellion;17233;Destiny League;925081;1;35;20;True;21
8032316685;1374;1731415500;9545782.0;Ivory;9586396.0;;17299;ESL One Bangkok 2024 Qualifiers powered by Intel;925079;0;27;7;True;21
8032275879;3312;1731413916;9492830.0;Prodigy of God;9594117.0;Team Flamingos;17366;Ultras Dota Pro League  2024-25;925077;1;67;43;True;21
8032255291;2575;1731412996;8261500.0;Xtreme Gaming;9409659.0;spiky gaming;17299;ESL One Bangkok 2024 Qualifiers powered by Intel;925065;1;38;26;True;21.0
8032242906;1891;1731412438;9545782.0;Ivory;9586396.0;;17299;ESL One Bangkok 2024 Qualifiers powered by Intel;925071;0;33;14;True;21.0
8032239646;2008;1731412287;8864178.0;Marvelous Warriors;9018543.0;Hustlers;16313;Ancients League;925063;1;40;20;True;21.0
8032230687;1987;1731411916;8629014.0;Dragon Blood;2443375.0;Foxy gaming;17233;Destiny League;925067;1;44;28;True;21.0
8032204306;2200;1731410588;9587203.0;business club;8831040.0;Ghost Sheep;17366;Ultras Dota Pro League  2024-25;925053;1;37;55;False;21.0
8032191302;1434;1731409925;9018543.0;Hustlers;8864178.0;Marvelous Warriors;16313;Ancients League;925063;1;21;34;False;21.0
8032186779;2467;1731409690;8588969.0;HYDRA;9586122.0;4Pirates;17381;European Pro League  2024-2025 Season;925056;1;29;25;True;21.0
8032185717;1449;1731409785;2443375.0;Foxy gaming;8629014.0;Dragon Blood;17233;Destiny League;925067;1;18;40;False;21.0
8032165897;1941;1731409235;8261500.0;Xtreme Gaming;9409659.0;spiky gaming;17299;ESL One Bangkok 2024 Qualifiers powered by Intel;925065;1;24;18;True;21.0
8032158468;1353;1731408133;8831040.0;Ghost Sheep;9587203.0;business club;17366;Ultras Dota Pro League  2024-25;925053;1;48;8;True;21.0
8032144775;1827;1731407329;8864178.0;Marvelous Warriors;9018543.0;Hustlers;16313;Ancients League;925063;1;29;37;False;21.0
8032142977;1670;1731407293;8629324.0;Swift Knights;9425660.0;Shadow Avengers;17233;Destiny League;925051;1;19;34;False;21.0
8032120924;4810;1731405849;7732977.0;BOOM Esports;9586396.0;;17299;ESL One Bangkok 2024 Qualifiers powered by Intel;925058;0;38;39;True;21.0
8032114441;1948;1731405434;;;;;17299;ESL One Bangkok 2024 Qualifiers powered by Intel;0;0;33;19;True;21.0
8032113490;2296;1731405599;9586122.0;4Pirates;8588969.0;HYDRA;17381;European Pro League  2024-2025 Season;925056;1;21;33;False;21.0
8032107178;1767;1731404953;9448501.0;TEAM TURTLE;9461007.0;Evil Rabbit;17299;ESL One Bangkok 2024 Qualifiers powered by Intel;925046;1;31;19;True;21.0
8032097986;1891;1731404332;9330489.0;ThunderLab;9018528.0;Crew X;16313;Ancients League;925045;1;46;29;True;21.0
8032095022;2699;1731404313;9587203.0;business club;8831040.0;Ghost Sheep;17366;Ultras Dota Pro League  2024-25;925053;1;38;30;True;21.0
8032088259;2941;1731403723;9425660.0;Shadow Avengers;8629324.0;Swift Knights;17233;Destiny League;925051;1;64;61;True;21.0
8032074997;2502;1731402724;9546850.0;SMALL CAMP;9554242.0;Play for Fun;17184;Major League (D2AU);925050;3;25;34;False;21.0
8032064921;2654;1731402019;7732977.0;BOOM Esports;9586396.0;;17299;ESL One Bangkok 2024 Qualifiers powered by Intel;925047;0;27;24;True;21.0
8032064424;2229;1731401984;;;;;17299;ESL One Bangkok 2024 Qualifiers powered by Intel;0;0;16;30;False;21.0
8032063071;1062;1731402422;9461007.0;Evil Rabbit;9448501.0;TEAM TURTLE;17299;ESL One Bangkok 2024 Qualifiers powered by Intel;925046;1;12;37;False;21.0
8032058754;2106;1731401576;9018528.0;Crew X;9330489.0;ThunderLab;16313;Ancients League;925045;1;31;51;False;21.0
8032053018;1597;1731401244;8629005.0;Flawless Goblins;8629317.0;Bright Crusaders;17233;Destiny League;925026;1;38;38;False;21.0
8032034863;2000;1731399826;9477543.0;Dominion;9564441.0;Eye Gaming;17366;Ultras Dota Pro League  2024-25;925032;1;26;34;False;21.0
8032028728;1556;1731399504;9554242.0;Play for Fun;9546850.0;SMALL CAMP;17184;Major League (D2AU);925039;3;20;6;True;21.0
8032017718;1703;1731398530;8893837.0;Parallel eSports;9330492.0;Iconic;16313;Ancients League;925028;1;34;33;False;21.0
8032017429;2213;1731398510;;;9545782.0;Ivory;17299;ESL One Bangkok 2024 Qualifiers powered by Intel;0;0;26;21;True;21.0
8032016424;2454;1731398433;7732977.0;BOOM Esports;9586396.0;;17299;ESL One Bangkok 2024 Qualifiers powered by Intel;925036;0;14;20;False;21.0
8032010440;2086;1731398135;8629317.0;Bright Crusaders;8629005.0;Flawless Goblins;17233;Destiny League;925026;1;41;63;False;21.0
8032000569;1743;1731397248;9564441.0;Eye Gaming;9477543.0;Dominion;17366;Ultras Dota Pro League  2024-25;925032;1;36;17;True;21.0
8031988447;1503;1731396221;9330492.0;Iconic;8893837.0;Parallel eSports;16313;Ancients League;925028;1;35;15;True;21.0
8031979220;1869;1731395573;8629005.0;Flawless Goblins;8629317.0;Bright Crusaders;17233;Destiny League;925026;1;35;49;False;21.0
8031970925;1548;1731394782;350190.0;Ascent Esports;9593895.0;Gaozu;17299;ESL One Bangkok 2024 Qualifiers powered by Intel;925019;1;17;30;False;21.0
8031949105;1640;1731392927;9425656.0;LSG;9426115.0;Dark Rebellion;17233;Destiny League;925015;1;48;27;True;21.0
8031948406;2484;1731392819;9332059.0;Ninja Bros;8893840.0;Big Bang Gaming;16313;Ancients League;925014;1;43;59;False;21.0
8031926335;1985;1731391276;350190.0;Ascent Esports;9593895.0;Gaozu;17299;ESL One Bangkok 2024 Qualifiers powered by Intel;925019;1;24;27;False;21.0
8031922931;1663;1731390561;9426115.0;Dark Rebellion;9425656.0;LSG;17233;Destiny League;925015;1;16;35;False;21.0
8031920841;1781;1731390316;8893840.0;Big Bang Gaming;9332059.0;Ninja Bros;16313;Ancients League;925014;1;24;28;False;21.0
8031896773;1644;1731388188;9425656.0;LSG;9426115.0;Dark Rebellion;17233;Destiny League;925015;1;24;29;False;21.0
8031894618;1594;1731387924;9332059.0;Ninja Bros;8893840.0;Big Bang Gaming;16313;Ancients League;925014;1;21;36;False;21.0
8031764917;2340;1731375732;9593704.0;CONSILIUM;9498912.0;TiltedBoys;17299;ESL One Bangkok 2024 Qualifiers powered by Intel;924976;1;35;58;False;21.0
8031733832;2059;1731372640;9593704.0;CONSILIUM;9498912.0;TiltedBoys;17299;ESL One Bangkok 2024 Qualifiers powered by Intel;924976;1;25;31;False;21.0
8031732981;1374;1731372632;8957156.0;Silent killer;8850016.0;FLYING FORTUNE;17163;Dota 2 Space League;924972;2;33;14;True;21.0
8031713942;3065;1731370685;9523633.0;KOBRAVEX;9600321.0;Mouth Esports;17299;ESL One Bangkok 2024 Qualifiers powered by Intel;924975;1;34;42;False;21.0
8031706116;1848;1731370013;8850016.0;FLYING FORTUNE;8957156.0;Silent killer;17163;Dota 2 Space League;924972;2;30;35;False;21.0
8031679840;3412;1731367513;9498912.0;TiltedBoys;9593704.0;CONSILIUM;17299;ESL One Bangkok 2024 Qualifiers powered by Intel;924976;1;44;53;False;21.0
8031678890;1875;1731367440;8957156.0;Silent killer;8850016.0;FLYING FORTUNE;17163;Dota 2 Space League;924972;2;27;30;True;21.0
8031667255;2793;1731366317;8367062.0;Pacific ;;;17299;ESL One Bangkok 2024 Qualifiers powered by Intel;0;0;21;43;False;21.0
8031660387;2915;1731365851;9600321.0;Mouth Esports;9523633.0;KOBRAVEX;17299;ESL One Bangkok 2024 Qualifiers powered by Intel;924975;1;32;19;True;21.0
8031656778;3389;1731365403;;;;;17299;ESL One Bangkok 2024 Qualifiers powered by Intel;0;0;43;39;False;21.0
8031650952;1719;1731364920;9450071.0;Fusion Esports;9439001.0;Free Stack;17299;ESL One Bangkok 2024 Qualifiers powered by Intel;924974;0;27;9;True;21.0
8031648817;1879;1731364825;8850016.0;FLYING FORTUNE;8957156.0;Silent killer;17163;Dota 2 Space League;924972;2;22;17;True;21.0
8031642612;2667;1731364385;1798457.0;Hokori;;;17299;ESL One Bangkok 2024 Qualifiers powered by Intel;0;0;31;22;True;21.0
8031635724;1769;1731363604;8367062.0;Pacific ;9523620.0;GO E-Sports;17299;ESL One Bangkok 2024 Qualifiers powered by Intel;924968;0;41;21;True;21.0
8031632233;1170;1731363347;;;;;17299;ESL One Bangkok 2024 Qualifiers powered by Intel;0;0;16;3;True;21.0
8031630264;2579;1731363205;;;;;17299;ESL One Bangkok 2024 Qualifiers powered by Intel;0;0;44;36;True;21.0
8031624204;1403;1731362810;8957156.0;Silent killer;8849837.0;FALL VICTIMS;17163;Dota 2 Space League;924961;1;20;20;True;21.0
8031612497;1015;1731361971;;;;;17299;ESL One Bangkok 2024 Qualifiers powered by Intel;0;0;25;4;True;
8031608839;1027;1731361725;9450071.0;Fusion Esports;;;17299;ESL One Bangkok 2024 Qualifiers powered by Intel;0;0;39;7;True;21.0
8031606695;1550;1731361587;;;;;17299;ESL One Bangkok 2024 Qualifiers powered by Intel;0;0;37;5;True;21.0
8031605040;1744;1731361478;9523633.0;KOBRAVEX;9600333.0;compLexity jr;17299;ESL One Bangkok 2024 Qualifiers powered by Intel;924966;0;36;14;True;21.0
8031604652;2234;1731361454;;;;;17299;ESL One Bangkok 2024 Qualifiers powered by Intel;0;0;25;28;False;21.0
8031604617;1789;1731361451;;;;;17299;ESL One Bangkok 2024 Qualifiers powered by Intel;0;0;20;12;True;21.0
8031604239;2169;1731361427;9579002.0;Randoms Esports;8799137.0;Demonios ;17299;ESL One Bangkok 2024 Qualifiers powered by Intel;924965;0;16;31;False;21.0
8031600897;931;1731361213;;;;;17299;ESL One Bangkok 2024 Qualifiers powered by Intel;0;0;5;29;False;21.0
8031595101;3184;1731360847;;;;;17299;ESL One Bangkok 2024 Qualifiers powered by Intel;0;0;36;36;True;21.0
8031591116;1695;1731360657;8849837.0;FALL VICTIMS;8957156.0;Silent killer;17163;Dota 2 Space League;924961;1;21;26;False;21.0
8031572789;2664;1731359530;9523620.0;GO E-Sports;9307873.0;Gatitos Persas;17299;ESL One Bangkok 2024 Qualifiers powered by Intel;924958;0;43;26;True;21.0
8031570920;2955;1731359426;8262370.0;La H de broken;;;17299;ESL One Bangkok 2024 Qualifiers powered by Intel;0;0;39;53;False;21.0
8031568950;2808;1731359313;;;;;17299;ESL One Bangkok 2024 Qualifiers powered by Intel;0;0;41;23;True;21.0
8031568903;575;1731359309;;;;;17299;ESL One Bangkok 2024 Qualifiers powered by Intel;0;0;11;1;True;21.0
8031565961;1692;1731359145;9492979.0;Vicious Gaming;9600331.0;Zetta Games;17299;ESL One Bangkok 2024 Qualifiers powered by Intel;924957;0;30;16;True;21.0
8031565373;1289;1731359113;9579002.0;Randoms Esports;;;17299;ESL One Bangkok 2024 Qualifiers powered by Intel;0;0;38;8;True;21.0
8031564151;1228;1731359049;9600321.0;Mouth Esports;;;17299;ESL One Bangkok 2024 Qualifiers powered by Intel;0;0;29;5;True;21.0
8031563819;2558;1731359029;6260360.0;;;;17299;ESL One Bangkok 2024 Qualifiers powered by Intel;0;0;16;25;False;21.0
8031563725;1383;1731359024;;;;;17299;ESL One Bangkok 2024 Qualifiers powered by Intel;0;0;13;35;False;21.0
8031563550;1364;1731359014;;;;;17299;ESL One Bangkok 2024 Qualifiers powered by Intel;0;0;47;10;True;21.0
8031563496;1497;1731359010;;;;;17299;ESL One Bangkok 2024 Qualifiers powered by Intel;0;0;30;13;True;21.0
8031563159;1249;1731358993;;;;;17299;ESL One Bangkok 2024 Qualifiers powered by Intel;0;0;34;17;True;21.0
8031563008;1219;1731358984;9487163.0;;9572165.0;Agressiv Style;17299;ESL One Bangkok 2024 Qualifiers powered by Intel;924955;0;30;8;True;21.0
8031562331;1603;1731358947;;;7666141.0;TheLadiesLove;17299;ESL One Bangkok 2024 Qualifiers powered by Intel;0;0;56;22;True;21.0
8031535469;2266;1731357572;8849817.0;ZEUS THUNDER GOD;8850016.0;FLYING FORTUNE;17163;Dota 2 Space League;921392;1;37;35;False;21.0
8031486781;1531;1731355397;8850016.0;FLYING FORTUNE;8849817.0;ZEUS THUNDER GOD;17163;Dota 2 Space League;921392;1;27;18;True;21.0
8031448566;2055;1731353641;9580306.0;Dominion;9466524.0;Elite Eclipse;17366;Ultras Dota Pro League  2024-25;924919;1;49;49;False;21.0
8031399088;1967;1731351658;9302841.0;South Team;9257597.0;Numa Numa Iei;17318;Summoner’s Cup;924913;1;21;47;False;21.0
8031358276;2355;1731350088;9025359.0;The Covenant;;;17299;ESL One Bangkok 2024 Qualifiers powered by Intel;0;0;42;34;True;21.0
8031353506;2539;1731349907;9420570.0;Quantum;9360651.0;Dandelions;17299;ESL One Bangkok 2024 Qualifiers powered by Intel;924921;0;44;15;True;21.0
8031336604;2861;1731349336;9466524.0;Elite Eclipse;9580306.0;Dominion;17366;Ultras Dota Pro League  2024-25;924919;1;47;44;True;21.0
8031322025;2664;1731348738;9017006.0;NAVI Junior;;;17299;ESL One Bangkok 2024 Qualifiers powered by Intel;0;0;46;12;True;21.0
8031297100;2094;1731348053;9257597.0;Numa Numa Iei;9302841.0;South Team;17318;Summoner’s Cup;924913;1;34;28;True;21.0
8031266140;1533;1731346686;;;9586122.0;4Pirates;17299;ESL One Bangkok 2024 Qualifiers powered by Intel;0;0;29;14;True;21.0
8031253080;1837;1731346241;;;9247798.0;Passion UA;17299;ESL One Bangkok 2024 Qualifiers powered by Intel;0;0;32;4;True;21.0
8031244925;2141;1731345916;9025359.0;The Covenant;;;17299;ESL One Bangkok 2024 Qualifiers powered by Intel;0;0;43;23;True;21.0
8031238653;1352;1731345691;9530716.0;Air Defence;9586443.0;Nethercore;17366;Ultras Dota Pro League  2024-25;924886;1;30;11;True;21.0
8031235631;2536;1731345583;;;;;17299;ESL One Bangkok 2024 Qualifiers powered by Intel;0;0;14;32;False;21.0
8031235309;1356;1731345610;8629324.0;Swift Knights;9425656.0;LSG;17233;Destiny League;924890;1;23;35;False;21.0
8031225932;1889;1731345241;;;;;17299;ESL One Bangkok 2024 Qualifiers powered by Intel;0;0;15;31;False;21.0
8031210694;2049;1731344699;9366989.0;Flux;9017006.0;NAVI Junior;17299;ESL One Bangkok 2024 Qualifiers powered by Intel;924900;0;6;28;False;21.0
8031199890;1576;1731344313;;;9600141.0;Zero Tenacity;17299;ESL One Bangkok 2024 Qualifiers powered by Intel;0;0;24;9;True;21
8031187982;737;1731343884;;;7542890.0;Free -25 MMR;17299;ESL One Bangkok 2024 Qualifiers powered by Intel;0;0;18;4;True;21
8031179918;1318;1731343670;9425656.0;LSG;8629324.0;Swift Knights;17233;Destiny League;924890;1;27;10;True;21
8031176540;928;1731343481;;;9600476.0;;17299;ESL One Bangkok 2024 Qualifiers powered by Intel;0;0;25;2;True;21
8031158992;1229;1731342861;9547537.0;NoLimit;9360651.0;Dandelions;17299;ESL One Bangkok 2024 Qualifiers powered by Intel;924896;0;7;29;False;21
8031154930;1222;1731342720;9530669.0;Neutralcamp;9546084.0;Quadrober Troy;17299;ESL One Bangkok 2024 Qualifiers powered by Intel;924895;0;32;6;True;21
8031150417;1504;1731342562;9600235.0;;;;17299;ESL One Bangkok 2024 Qualifiers powered by Intel;0;0;14;23;False;21
8031137845;1575;1731342126;8588969.0;HYDRA;;;17299;ESL One Bangkok 2024 Qualifiers powered by Intel;0;0;7;47;False;21
8031125040;2377;1731341685;9450071.0;Fusion Esports;8737621.0;Lava Esports ;17318;Summoner’s Cup;924875;1;44;21;True;21
8031123415;1404;1731341683;8629324.0;Swift Knights;9425656.0;LSG;17233;Destiny League;924890;1;34;21;True;21
8031121667;2355;1731341566;9025359.0;The Covenant;;;17299;ESL One Bangkok 2024 Qualifiers powered by Intel;0;0;33;49;False;21
8031121577;2625;1731341564;;;7422789.0;9Pandas;17299;ESL One Bangkok 2024 Qualifiers powered by Intel;0;0;15;37;False;21
8031120238;1146;1731341517;;;9600476.0;;17299;ESL One Bangkok 2024 Qualifiers powered by Intel;0;0;45;6;True;21
8031115514;1436;1731341356;8838314.0;Matreshka;;;17299;ESL One Bangkok 2024 Qualifiers powered by Intel;0;0;27;7;True;21
8031113737;3469;1731341294;9389234.0;Bushido;9586122.0;4Pirates;17299;ESL One Bangkok 2024 Qualifiers powered by Intel;924888;0;44;38;False;21
8031113110;1424;1731341273;;;;;17299;ESL One Bangkok 2024 Qualifiers powered by Intel;0;0;44;14;True;21
8031110629;3220;1731341187;9420570.0;Quantum;;;17299;ESL One Bangkok 2024 Qualifiers powered by Intel;0;0;43;43;True;21
8031110104;2583;1731342102;9586443.0;Nethercore;9530716.0;Air Defence;17366;Ultras Dota Pro League  2024-25;924886;1;46;52;False;21
8031105244;1218;1731341003;;;;;17299;ESL One Bangkok 2024 Qualifiers powered by Intel;0;0;34;13;True;21
8031105215;1805;1731341002;;;;;17299;ESL One Bangkok 2024 Qualifiers powered by Intel;0;0;42;14;True;21
8031088527;2046;1731340428;;;;;17299;ESL One Bangkok 2024 Qualifiers powered by Intel;0;0;24;16;True;21
8031084458;1127;1731340288;9600235.0;;9408618.0;ritashidog;17299;ESL One Bangkok 2024 Qualifiers powered by Intel;924883;0;30;6;True;21
8031082249;1064;1731340211;9530669.0;Neutralcamp;;;17299;ESL One Bangkok 2024 Qualifiers powered by Intel;0;0;24;4;True;21
8031067568;3103;1731339712;9366989.0;Flux;;;17299;ESL One Bangkok 2024 Qualifiers powered by Intel;0;0;31;30;True;21
8031058397;1436;1731339438;8629317.0;Bright Crusaders;8629315.0;Wiser Warriors;17233;Destiny League;924863;1;31;16;True;21
8031044386;1854;1731338925;;;8392558.0;Блювулька РАДЖ;17299;ESL One Bangkok 2024 Qualifiers powered by Intel;0;0;30;9;True;21
8031037376;1228;1731338691;9338413.0;MOUZ;;;17299;ESL One Bangkok 2024 Qualifiers powered by Intel;0;0;50;6;True;21
8031026498;823;1731338326;;;;;17299;ESL One Bangkok 2024 Qualifiers powered by Intel;0;0;36;0;True;21
8031025332;1271;1731338289;9017006.0;NAVI Junior;;;17299;ESL One Bangkok 2024 Qualifiers powered by Intel;0;0;41;13;True;21
8031020213;1452;1731338121;9547537.0;NoLimit;9600471.0;;17299;ESL One Bangkok 2024 Qualifiers powered by Intel;924881;0;41;11;True;21
8031019060;1560;1731338082;9403748.0;Dragon Esports Club;;;17299;ESL One Bangkok 2024 Qualifiers powered by Intel;0;0;8;25;False;21
8031013655;1458;1731337906;;;;;17299;ESL One Bangkok 2024 Qualifiers powered by Intel;0;0;47;9;True;21
8031011460;2305;1731337834;;;;;17299;ESL One Bangkok 2024 Qualifiers powered by Intel;0;0;49;18;True;21
8031008262;2156;1731337728;9546984.0;AIM POSSIBLE;;;17299;ESL One Bangkok 2024 Qualifiers powered by Intel;0;0;13;29;False;21
8031008183;2002;1731337725;9254558.0;RizskiyGazMyass;;;17299;ESL One Bangkok 2024 Qualifiers powered by Intel;0;0;31;19;True;21
8031006404;1605;1731337668;9586122.0;4Pirates;;;17299;ESL One Bangkok 2024 Qualifiers powered by Intel;0;0;28;11;True;21
8031005798;1990;1731337647;9207879.0;5rune Eaters;9593652.0;Invoke.Pantheon;17299;ESL One Bangkok 2024 Qualifiers powered by Intel;924876;0;17;42;False;21
8031004679;2493;1731337839;8737621.0;Lava Esports ;9450071.0;Fusion Esports;17318;Summoner’s Cup;924875;1;15;31;False;21
8031003858;1016;1731337587;;;9524087.0;;17299;ESL One Bangkok 2024 Qualifiers powered by Intel;0;0;29;7;True;21
8031003374;2205;1731337624;9486936.0;Prodigy of God;8831040.0;Ghost Sheep;17366;Ultras Dota Pro League  2024-25;924874;1;50;54;False;21
8031001544;2398;1731337511;;;;;17299;ESL One Bangkok 2024 Qualifiers powered by Intel;0;0;45;18;True;21
8031000258;2056;1731337469;;;1838315.0;Team Secret;17299;ESL One Bangkok 2024 Qualifiers powered by Intel;0;0;30;14;True;21
8030999977;1444;1731337459;9600141.0;Zero Tenacity;9539470.0;Bociarnia;17299;ESL One Bangkok 2024 Qualifiers powered by Intel;924872;0;38;12;True;21
8030997556;2554;1731337379;9546084.0;Quadrober Troy;;;17299;ESL One Bangkok 2024 Qualifiers powered by Intel;0;0;41;20;True;21
8030996615;3693;1731337349;9360651.0;Dandelions;;;17299;ESL One Bangkok 2024 Qualifiers powered by Intel;0;0;32;41;True;21
8030996354;1387;1731337340;9425620.0;Belgium;;;17299;ESL One Bangkok 2024 Qualifiers powered by Intel;0;0;10;48;False;21
8030995236;1502;1731337302;;;9579031.0;Abyssal Guardians;17299;ESL One Bangkok 2024 Qualifiers powered by Intel;0;0;47;15;True;21
8030994104;1657;1731337265;;;9247798.0;Passion UA;17299;ESL One Bangkok 2024 Qualifiers powered by Intel;0;0;9;31;False;21
8030980688;1917;1731336871;8629315.0;Wiser Warriors;8629317.0;Bright Crusaders;17233;Destiny League;924863;1;35;33;False;21
8030961605;832;1731336197;;;;;17299;ESL One Bangkok 2024 Qualifiers powered by Intel;0;0;19;2;True;21
8030955021;3389;1731335985;;;;;17299;ESL One Bangkok 2024 Qualifiers powered by Intel;0;0;39;31;True;21
8030954371;1117;1731335964;9143209.0;пипяо;3477092.0;Low Skill Dota;17299;ESL One Bangkok 2024 Qualifiers powered by Intel;924868;0;51;8;True;21
8030949926;1206;1731335822;;;;;17299;ESL One Bangkok 2024 Qualifiers powered by Intel;0;0;71;12;True;21
8030945446;873;1731335678;7422789.0;9Pandas;;;17299;ESL One Bangkok 2024 Qualifiers powered by Intel;0;0;47;6;True;21
8030943994;2453;1731335629;;;;;17299;ESL One Bangkok 2024 Qualifiers powered by Intel;0;0;45;24;True;21
8030943961;1099;1731335629;9587118.0;;9126210.0;gubina13;17299;ESL One Bangkok 2024 Qualifiers powered by Intel;924866;0;33;2;True;21
8030940036;2610;1731335501;8392558.0;Блювулька РАДЖ;8850039.0;Chrome Sports;17299;ESL One Bangkok 2024 Qualifiers powered by Intel;924865;0;35;28;True;21
8030938534;1015;1731335452;;;8681474.0;Old School;17299;ESL One Bangkok 2024 Qualifiers powered by Intel;0;0;28;0;True;21
8030938525;783;1731335451;;;8685671.0;Team Inmates;17299;ESL One Bangkok 2024 Qualifiers powered by Intel;0;0;26;1;True;21
8030937976;3435;1731335434;9408618.0;ritashidog;9103961.0;StormSquad;17299;ESL One Bangkok 2024 Qualifiers powered by Intel;924864;0;39;33;True;21
8030911013;1526;1731334636;8629317.0;Bright Crusaders;8629315.0;Wiser Warriors;17233;Destiny League;924863;1;17;26;False;21
8030905263;2181;1731334369;8831040.0;Ghost Sheep;9492830.0;Prodigy of God;17366;Ultras Dota Pro League  2024-25;924853;1;41;54;False;21
8030853141;1190;1731332703;9425660.0;Shadow Avengers;9426115.0;Dark Rebellion;17233;Destiny League;924851;1;29;10;True;21
8030799947;2598;1731330834;9492830.0;Prodigy of God;8831040.0;Ghost Sheep;17366;Ultras Dota Pro League  2024-25;924853;1;34;47;False;21
8030795642;1592;1731330683;9586443.0;Nethercore;9594117.0;Team Flamingos;17366;Ultras Dota Pro League  2024-25;924844;1;17;33;False;21
8030774539;1447;1731330369;9426115.0;Dark Rebellion;9425660.0;Shadow Avengers;17233;Destiny League;924851;1;19;28;False;21
8030717596;1877;1731327781;9594117.0;Team Flamingos;9586443.0;Nethercore;17366;Ultras Dota Pro League  2024-25;924844;1;41;20;True;21
8030646979;1585;1731324695;8936507.0;FenixTeam;8961813.0;SHAOLIN;16313;Ancients League;924835;1;42;19;True;21
8030629233;2009;1731323827;9586420.0;KIBA ARMS;8831040.0;Ghost Sheep;17366;Ultras Dota Pro League  2024-25;924822;1;51;38;True;21
8030599038;1808;1731322285;9425656.0;LSG;9426115.0;Dark Rebellion;17233;Destiny League;924826;1;40;49;False;21
8030594535;1834;1731322007;8961813.0;SHAOLIN;8936507.0;FenixTeam;16313;Ancients League;924835;1;19;27;False;21
8030566842;1974;1731320412;8831040.0;Ghost Sheep;9586420.0;KIBA ARMS;17366;Ultras Dota Pro League  2024-25;924822;1;31;22;True;21
8030561062;1523;1731320057;7732977.0;BOOM Esports;9538207.0;Myth Avenue Gaming;17299;ESL One Bangkok 2024 Qualifiers powered by Intel;924831;0;28;6;True;21
8030554825;1944;1731319675;9600191.0;Groomify;9545782.0;Ivory;17299;ESL One Bangkok 2024 Qualifiers powered by Intel;924828;0;16;31;False;21
8030550912;1492;1731319431;9330485.0;BulletProofs;9330493.0;RuleBreakers;16313;Ancients League;924821;1;29;22;True;21
8030545767;1832;1731319107;;;9586396.0;;17299;ESL One Bangkok 2024 Qualifiers powered by Intel;0;0;11;36;False;21
8030543974;3633;1731318992;;;;;17299;ESL One Bangkok 2024 Qualifiers powered by Intel;0;0;45;40;True;21
8030543682;1848;1731319892;9426115.0;Dark Rebellion;9425656.0;LSG;17233;Destiny League;924826;1;46;31;True;21
8030528776;2151;1731318075;9409659.0;spiky gaming;9600387.0;;17299;ESL One Bangkok 2024 Qualifiers powered by Intel;924825;0;27;7;True;21
8030523914;1686;1731317810;9586420.0;KIBA ARMS;8831040.0;Ghost Sheep;17366;Ultras Dota Pro League  2024-25;924822;1;49;22;True;21
8030514328;1907;1731317026;7732977.0;BOOM Esports;;;17299;ESL One Bangkok 2024 Qualifiers powered by Intel;0;0;32;9;True;21
8030513127;1855;1731316942;9330493.0;RuleBreakers;9330485.0;BulletProofs;16313;Ancients League;924821;1;26;29;False;21
8030511055;1447;1731316816;8629014.0;Dragon Blood;8629005.0;Flawless Goblins;17233;Destiny League;924815;1;21;36;False;21
8030501408;1567;1731316215;9499402.0;Team Essence;9264551.0;;17299;ESL One Bangkok 2024 Qualifiers powered by Intel;924820;0;28;17;True;21
8030498203;2283;1731315916;9600191.0;Groomify;;;17299;ESL One Bangkok 2024 Qualifiers powered by Intel;0;0;37;23;True;21
8030498166;1202;1731315914;;;;;17299;ESL One Bangkok 2024 Qualifiers powered by Intel;0;0;29;5;True;21
8030492771;1153;1731315545;;;9545782.0;Ivory;17299;ESL One Bangkok 2024 Qualifiers powered by Intel;0;0;4;28;False;21
8030489380;2320;1731315310;8351023.0;NoTilt;9025359.0;The Covenant;17299;ESL One Bangkok 2024 Qualifiers powered by Intel;924816;0;46;25;True;21
8030486754;2799;1731315125;;;9586396.0;;17299;ESL One Bangkok 2024 Qualifiers powered by Intel;0;0;17;31;False;21
8030479696;1626;1731314676;8629005.0;Flawless Goblins;8629014.0;Dragon Blood;17233;Destiny League;924815;1;36;28;True;21
8030476396;1315;1731314392;9332084.0;Lighting Legends;9332069.0;Mister Maniacs;16313;Ancients League;924796;1;13;28;False;21
8030463040;2792;1731313427;9586443.0;Nethercore;8957652.0;KIBA ARMS;17366;Ultras Dota Pro League  2024-25;920600;1;57;41;False;21
8030452729;2548;1731312723;9461007.0;Evil Rabbit;9315393.0;The goal of all life is death;17299;ESL One Bangkok 2024 Qualifiers powered by Intel;924808;0;23;43;True;21
8030420723;1345;1731310297;8629317.0;Bright Crusaders;8629318.0;Mad Monkeys;17233;Destiny League;924798;1;41;23;True;21
8030420013;2179;1731310160;9332069.0;Mister Maniacs;9332084.0;Lighting Legends;16313;Ancients League;924796;1;20;36;False;21
8030419978;2541;1731310187;9586420.0;KIBA ARMS;9586443.0;Nethercore;17366;Ultras Dota Pro League  2024-25;924802;1;47;33;True;21
8030398678;1343;1731308536;9448501.0;TEAM TURTLE;9247646.0;Team trust;17299;ESL One Bangkok 2024 Qualifiers powered by Intel;924799;0;29;5;True;21
8030388743;1929;1731307689;8629318.0;Mad Monkeys;8629317.0;Bright Crusaders;17233;Destiny League;924798;1;18;44;False;21
8030382573;2302;1731307079;9332084.0;Lighting Legends;9332069.0;Mister Maniacs;16313;Ancients League;924796;1;35;53;False;21
8030352852;2010;1731304605;8629324.0;Swift Knights;9425660.0;Shadow Avengers;17233;Destiny League;920292;1;43;24;True;21
8030350265;1889;1731304238;8893825.0;Lucky Bulldogs;8893840.0;Big Bang Gaming;16313;Ancients League;924787;1;33;31;True;21
8030322590;1589;1731301702;8893840.0;Big Bang Gaming;8893825.0;Lucky Bulldogs;16313;Ancients League;924787;1;18;35;False;21
8030319940;1577;1731301568;8629324.0;Swift Knights;9425660.0;Shadow Avengers;17233;Destiny League;920292;1;35;16;True;21
8030234459;1927;1731293749;8849837.0;FALL VICTIMS;9005364.0;Night Vision;17163;Dota 2 Space League;924749;1;32;35;False;21
8030210866;1459;1731291567;9005364.0;Night Vision;8849837.0;FALL VICTIMS;17163;Dota 2 Space League;924749;1;37;23;True;21
8030184951;1504;1731289243;8849837.0;FALL VICTIMS;9005364.0;Night Vision;17163;Dota 2 Space League;924749;1;36;19;True;21
8030158594;1850;1731286675;8850016.0;FLYING FORTUNE;8957156.0;Silent killer;17163;Dota 2 Space League;924737;1;24;38;False;21
8030125005;1831;1731283727;8957156.0;Silent killer;8850016.0;FLYING FORTUNE;17163;Dota 2 Space League;924737;1;42;20;True;21
8030085332;2306;1731280299;8849833.0;VERTEX PACK;8970060.0;Moonwalkers;17163;Dota 2 Space League;924709;1;46;40;True;21
8030034747;1848;1731276644;8970060.0;Moonwalkers;8849833.0;VERTEX PACK;17163;Dota 2 Space League;924709;1;31;23;True;21
8029995045;1782;1731274286;8849833.0;VERTEX PACK;8970060.0;Moonwalkers;17163;Dota 2 Space League;924709;1;29;15;True;21
8029939920;1652;1731271487;8987220.0;HolyTeam;8849817.0;ZEUS THUNDER GOD;17163;Dota 2 Space League;924688;1;34;18;True;21
8029932314;1707;1731271152;9563873.0;Elite Eclipse;8965054.0;EYE-Gaming;17366;Ultras Dota Pro League  2024-25;924653;1;63;21;True;21
8029884302;1777;1731269064;8849817.0;ZEUS THUNDER GOD;8987220.0;HolyTeam;17163;Dota 2 Space League;924688;1;11;25;False;21
8029842717;1996;1731267363;8965054.0;EYE-Gaming;9563873.0;Elite Eclipse;17366;Ultras Dota Pro League  2024-25;924653;1;33;30;True;21
8029756877;2114;1731264242;9563873.0;Elite Eclipse;8965054.0;EYE-Gaming;17366;Ultras Dota Pro League  2024-25;924653;1;47;25;True;21
8029756021;1957;1731265022;8255888.0;BetBoom Team;9247354.0;Team Falcons;17272;DreamLeague Season 24 powered by Intel;924557;2;12;42;False;21
8029647109;1932;1731261181;9247354.0;Team Falcons;8255888.0;BetBoom Team;17272;DreamLeague Season 24 powered by Intel;924557;2;30;9;True;21
8029614768;2189;1731259479;9586443.0;Nethercore;8831040.0;Ghost Sheep;17366;Ultras Dota Pro League  2024-25;924566;1;47;30;True;21
8029557475;599;1731257498;9366914.0;Team Secret;9155525.0;CoolBassный завод;16274;SIVVIT League;924601;0;26;3;True;21
8029531131;1821;1731256674;9586443.0;Nethercore;8831040.0;Ghost Sheep;17366;Ultras Dota Pro League  2024-25;924566;1;18;52;False;21
8029499964;2516;1731256800;8255888.0;BetBoom Team;9247354.0;Team Falcons;17272;DreamLeague Season 24 powered by Intel;924557;2;36;33;True;21
8029463714;2080;1731254645;9593405.0;SVINUSHKI;9238400.0;BeshennayaTamara;16251;Party To Play league;924576;0;18;49;False;21
8029448972;1624;1731254168;9143209.0;пипяо;9445080.0;Hail to the mentors;16274;SIVVIT League;924574;0;29;11;True;21
8029408208;2689;1731253048;8831040.0;Ghost Sheep;9586443.0;Nethercore;17366;Ultras Dota Pro League  2024-25;924566;1;29;46;False;21
8029364010;2236;1731252305;9247354.0;Team Falcons;8255888.0;BetBoom Team;17272;DreamLeague Season 24 powered by Intel;924557;2;31;11;True;21
8029360842;1539;1731251634;1627992.0;=RaStaMaN=;9238400.0;BeshennayaTamara;16251;Party To Play league;924554;0;11;31;False;21
8029351068;2009;1731251346;9593405.0;SVINUSHKI;8993358.0;ProfGameTeam;16251;Party To Play league;924552;0;36;16;True;21
8029339633;1764;1731250998;9230167.0;TSU;9445080.0;Hail to the mentors;16274;SIVVIT League;924547;0;21;39;False;21
8029236480;970;1731248184;9238400.0;BeshennayaTamara;9600111.0;;16251;Party To Play league;924534;0;27;2;True;21
8029222729;2005;1731247778;9530716.0;Air Defence;9492830.0;Prodigy of God;17366;Ultras Dota Pro League  2024-25;924532;1;38;51;False;21
8029220574;2231;1731247750;9593405.0;SVINUSHKI;6165106.0;P2P BOGI;16251;Party To Play league;924530;0;37;19;True;21
8029219703;2405;1731247735;9279976.0;true sf 4 pos player;9595331.0;EternalEmpire;16251;Party To Play league;924529;0;17;19;True;21
8029217392;1232;1731247689;8993358.0;ProfGameTeam;9593879.0;MiracleGeneration;16251;Party To Play league;924528;0;51;8;True;21
8029132588;883;1731245232;9600092.0;;9230167.0;TSU;16274;SIVVIT League;924508;0;7;29;False;21
8029132101;1402;1731245219;9572570.0;Cyber Reqeedrs;9445080.0;Hail to the mentors;16274;SIVVIT League;924510;0;12;34;False;21
8029118001;595;1731244823;;;9143209.0;пипяо;16274;SIVVIT League;0;0;1;20;False;21
8029116193;4482;1731244773;9155525.0;CoolBassный завод;9600113.0;;16274;SIVVIT League;924505;0;45;39;True;21
8029113303;1053;1731244691;9460640.0;ValenTiny;9247685.0;;16274;SIVVIT League;924504;0;35;2;True;21
8029079906;2411;1731243784;9492830.0;Prodigy of God;8993427.0;Air Defense;17366;Ultras Dota Pro League  2024-25;924500;1;38;28;True;21
8029070932;1995;1731244320;7119388.0;Team Spirit;9247354.0;Team Falcons;17272;DreamLeague Season 24 powered by Intel;924466;1;7;27;False;21
8028981225;1144;1731240818;9545521.0;Violence team;9593239.0;Team Pickles;16274;SIVVIT League;924486;0;6;41;False;21
8028980971;1205;1731240810;9545476.0;amar_EZsports;9445080.0;Hail to the mentors;16274;SIVVIT League;924485;0;6;53;False;21
8028975239;2316;1731240634;9531104.0;;9564287.0;Team Vkid;16274;SIVVIT League;924481;0;48;15;True;21
8028972726;1431;1731240555;;;9366914.0;Team Secret;16274;SIVVIT League;0;0;11;39;False;21
8028965268;2463;1731240323;9427104.0;;8488841.0;Billy's Boys;16274;SIVVIT League;924477;0;27;37;False;21
8028964883;1224;1731240312;9230167.0;TSU;9410195.0;ZakaZnie;16274;SIVVIT League;924478;0;38;7;True;21
8028960113;1205;1731240158;;;9460640.0;ValenTiny;16274;SIVVIT League;0;0;8;53;False;21
8028916514;2596;1731239701;9247354.0;Team Falcons;7119388.0;Team Spirit;17272;DreamLeague Season 24 powered by Intel;924466;1;30;8;True;21
8028834747;1465;1731235918;8993427.0;Air Defense;9594117.0;Team Flamingos;17366;Ultras Dota Pro League  2024-25;924442;1;24;48;False;21
8028808942;1486;1731234975;9425660.0;Shadow Avengers;8629014.0;Dragon Blood;17233;Destiny League;924429;1;26;14;True;21
8028772147;1987;1731233544;9594117.0;Team Flamingos;8993427.0;Air Defense;17366;Ultras Dota Pro League  2024-25;924442;1;37;28;True;21
8028742358;2520;1731232363;9449139.0;piggg;;;17184;Major League (D2AU);0;0;32;14;True;21
8028739219;1970;1731232261;8629014.0;Dragon Blood;9425660.0;Shadow Avengers;17233;Destiny League;924429;1;33;31;False;21
8028692651;1265;1731230377;9426115.0;Dark Rebellion;8629318.0;Mad Monkeys;17233;Destiny League;924391;1;12;17;False;21
8028660275;1987;1731229248;9546798.0;TEAM TEWOOP;9449139.0;piggg;17184;Major League (D2AU);924412;1;16;26;False;21
8028639880;1584;1731228241;8629318.0;Mad Monkeys;9426115.0;Dark Rebellion;17233;Destiny League;924391;1;46;18;True;21
8028611810;1554;1731226976;8993427.0;Air Defense;9586420.0;KIBA ARMS;17366;Ultras Dota Pro League  2024-25;924385;1;26;33;False;21
8028569478;2320;1731225006;9426115.0;Dark Rebellion;8629318.0;Mad Monkeys;17233;Destiny League;924391;1;55;55;True;21
8028518976;1484;1731222593;2443375.0;Foxy gaming;8629317.0;Bright Crusaders;17233;Destiny League;924379;1;42;11;True;21
8028518711;2996;1731222662;9586420.0;KIBA ARMS;8993427.0;Air Defense;17366;Ultras Dota Pro League  2024-25;924385;1;61;44;True;21
8028479388;1289;1731220608;8629317.0;Bright Crusaders;2443375.0;Foxy gaming;17233;Destiny League;924379;1;12;27;False;21
8028433413;1767;1731218023;8629315.0;Wiser Warriors;8629005.0;Flawless Goblins;17233;Destiny League;924361;1;15;37;False;21
8028392660;2440;1731215611;9554690.0;Hexi's Sexis;9554170.0;Unknown Gaming;17184;Major League (D2AU);924368;3;37;30;True;21
8028378696;2452;1731214703;8629005.0;Flawless Goblins;8629315.0;Wiser Warriors;17233;Destiny League;924361;1;31;37;True;21
8028331333;2180;1731211530;9554690.0;Hexi's Sexis;9554170.0;Unknown Gaming;17184;Major League (D2AU);924362;3;20;40;False;21
8028330744;2017;1731211720;8629315.0;Wiser Warriors;8629005.0;Flawless Goblins;17233;Destiny League;924361;1;34;22;True;21
8027903131;1600;1731185345;9586443.0;Nethercore;8993427.0;Air Defense;17366;Ultras Dota Pro League  2024-25;924283;1;17;44;False;21
8027824663;1514;1731183240;8255888.0;BetBoom Team;7119388.0;Team Spirit;17272;DreamLeague Season 24 powered by Intel;924214;1;19;5;True;21
8027806485;2041;1731181913;9530716.0;Air Defence;9586443.0;Nethercore;17366;Ultras Dota Pro League  2024-25;924267;1;26;55;False;21
8027713260;1625;1731178981;9593609.0;Nethercore;9530716.0;Air Defence;17366;Ultras Dota Pro League  2024-25;924254;1;25;41;False;21
8027712452;1987;1731179340;8255888.0;BetBoom Team;7119388.0;Team Spirit;17272;DreamLeague Season 24 powered by Intel;924214;1;20;9;True;21
8027585898;1927;1731174845;8761147.0;tam_sme;9571312.0;Casually masculine;17170;Dota Masters Bulgaria;924186;1;25;18;True;21
8027574681;2476;1731174458;9530716.0;Air Defence;9120549.0;Rakuzan;17366;Ultras Dota Pro League  2024-25;924206;1;35;50;False;21
8027500320;4390;1731173100;8255888.0;BetBoom Team;7119388.0;Team Spirit;17272;DreamLeague Season 24 powered by Intel;924214;1;33;47;False;21
8027482582;1869;1731171686;9571312.0;Casually masculine;8761147.0;tam_sme;17170;Dota Masters Bulgaria;924186;1;12;31;False;21
8027474256;1546;1731171512;9120549.0;Rakuzan;9530716.0;Air Defence;17366;Ultras Dota Pro League  2024-25;924206;1;30;25;True;21
8027372566;1896;1731168574;8761147.0;tam_sme;9571312.0;Casually masculine;17170;Dota Masters Bulgaria;924186;1;8;26;False;21
8027307030;2136;1731166699;8831040.0;Ghost Sheep;9504780.0;Rakuzan;17366;Ultras Dota Pro League  2024-25;923445;1;41;24;True;21
8027221957;1544;1731164408;9572357.0;Студените;8589454.0;forbidden psychology;17170;Dota Masters Bulgaria;924127;1;26;6;True;21
8027204751;2497;1731164828;9572001.0;PARIVISION;9247354.0;Team Falcons;17272;DreamLeague Season 24 powered by Intel;924118;1;9;44;False;21
8027130729;3665;1731161961;8831040.0;Ghost Sheep;9120549.0;Rakuzan;17366;Ultras Dota Pro League  2024-25;924123;1;44;55;True;21
8027046706;2900;1731159711;8589454.0;forbidden psychology;9572357.0;Студените;17170;Dota Masters Bulgaria;924127;1;42;32;False;21
8027027191;2311;1731159137;9120549.0;Rakuzan;8831040.0;Ghost Sheep;17366;Ultras Dota Pro League  2024-25;924123;1;55;26;True;21
8027003149;2395;1731160504;9247354.0;Team Falcons;9572001.0;PARIVISION;17272;DreamLeague Season 24 powered by Intel;924118;1;31;9;True;21
8026929437;1339;1731156296;9587203.0;business club;9594120.0;Team Flamingos;17366;Ultras Dota Pro League  2024-25;924084;1;36;30;True;21
8026846681;1549;1731153717;9594120.0;Team Flamingos;9587203.0;business club;17366;Ultras Dota Pro League  2024-25;924084;1;17;52;False;21
8026780185;2039;1731151399;9546850.0;SMALL CAMP;9449139.0;piggg;17184;Major League (D2AU);924049;1;44;18;True;21
8026712168;2584;1731148869;9594120.0;Team Flamingos;9586443.0;Nethercore;17366;Ultras Dota Pro League  2024-25;924045;1;39;53;False;21
8026660950;3216;1731146869;9449139.0;piggg;9546850.0;SMALL CAMP;17184;Major League (D2AU);924049;1;39;29;True;21
8026641417;1831;1731146016;9586443.0;Nethercore;9594120.0;Team Flamingos;17366;Ultras Dota Pro League  2024-25;924045;1;48;35;True;21
8026509046;2285;1731140108;9586443.0;Nethercore;9586420.0;KIBA ARMS;17366;Ultras Dota Pro League  2024-25;924017;1;35;34;True;21
8026508856;940;1731140133;8629324.0;Swift Knights;8629317.0;Bright Crusaders;17233;Destiny League;924005;1;37;8;True;21
8026462392;1846;1731137856;9586712.0;Kiba Arms;9586443.0;Nethercore;17366;Ultras Dota Pro League  2024-25;924006;1;26;37;False;21
8026448304;1973;1731137204;8629317.0;Bright Crusaders;8629324.0;Swift Knights;17233;Destiny League;924005;1;29;43;False;21
8026389994;1816;1731134030;2443375.0;Foxy gaming;8629005.0;Flawless Goblins;17233;Destiny League;923996;1;30;31;False;21
8026347184;1898;1731131498;8629005.0;Flawless Goblins;2443375.0;Foxy gaming;17233;Destiny League;923996;1;35;33;True;21
8026304009;1768;1731128771;8629315.0;Wiser Warriors;8629318.0;Mad Monkeys;17233;Destiny League;923984;1;33;28;True;21
8026286362;3432;1731127379;8703212.0;O.O;9571761.0;Cocogoat;17160;GEMS League Season 1: Asia Oceania by Chompix Gaming;923982;3;44;40;True;21
8026264120;1673;1731125876;8629315.0;Wiser Warriors;8629318.0;Mad Monkeys;17233;Destiny League;923984;1;23;11;True;21
8037780104;1696;1731700989;8987220.0;HolyTeam;8849817;ZEUS THUNDER GOD;17163;Dota 2 Space League;926130;1;23;37;False;21.0
8037778348;2334;1731700834;2163.0;Team Liquid;8599101;Gaimin Gladiators;17299;ESL One Bangkok 2024 Qualifiers powered by Intel;926106;1;34;20;True;
8037774389;1743;1731700680;8291895.0;Tundra Esports;9498970;AVULUS;17299;ESL One Bangkok 2024 Qualifiers powered by Intel;926104;1;30;6;True;21.0
8037725398;2832;1731698991;9600141.0;Zero Tenacity;8376696;One Move;17381;European Pro League  2024-2025 Season;926117;1;21;33;False;21.0
8037719847;2548;1731698610;8724984.0;Virtus.pro;9303383;L1GA TEAM;17299;ESL One Bangkok 2024 Qualifiers powered by Intel;926083;1;32;20;True;21.0
8037707315;2202;1731698650;8375259.0;Infinity;9450071;Fusion Esports;17299;ESL One Bangkok 2024 Qualifiers powered by Intel;926062;1;14;41;False;21.0
8037683069;1356;1731697330;9546351.0;BladeBreakers;9545759;Waska;17299;ESL One Bangkok 2024 Qualifiers powered by Intel;926066;1;8;30;False;21.0
8037681011;2981;1731697203;9594647.0;PuckChamp;9255039;1w Team;17299;ESL One Bangkok 2024 Qualifiers powered by Intel;926084;1;35;18;True;21.0
8037676484;1894;1731697207;8599101.0;Gaimin Gladiators;2163;Team Liquid;17299;ESL One Bangkok 2024 Qualifiers powered by Intel;926106;1;7;31;False;21.0
8037667247;1871;1731697263;9498970.0;AVULUS;8291895;Tundra Esports;17299;ESL One Bangkok 2024 Qualifiers powered by Intel;926104;1;28;8;True;21.0
8037644753;3237;1731695898;9586420.0;KIBA ARMS;9381131;Uzumaki;17366;Ultras Dota Pro League  2024-25;926082;1;58;58;False;21.0
8037622616;1689;1731695308;5014799.0;Nemiga Gaming;9162417;Nightshade Esports;17381;European Pro League  2024-2025 Season;926054;1;19;21;False;21.0
8037599914;1172;1731694337;9539477.0;Advance Esports;9601305;Team Mansaf;17299;ESL One Bangkok 2024 Qualifiers powered by Intel;926073;1;11;32;False;21.0
8037582380;3058;1731693729;8375259.0;Infinity;9450071;Fusion Esports;17299;ESL One Bangkok 2024 Qualifiers powered by Intel;926062;1;27;31;False;21.0
8037581575;2085;1731693700;9546351.0;BladeBreakers;9545759;Waska;17299;ESL One Bangkok 2024 Qualifiers powered by Intel;926066;1;33;17;True;21.0
8037578664;1617;1731693603;7554697.0;Nigma Galaxy;8494848;Winter Bear;17299;ESL One Bangkok 2024 Qualifiers powered by Intel;926061;1;20;14;True;21.0
8037575380;2223;1731693615;9255039.0;1w Team;9594647;PuckChamp;17299;ESL One Bangkok 2024 Qualifiers powered by Intel;926084;1;30;11;True;21.0
8037571966;2573;1731693623;9303383.0;L1GA TEAM;8724984;Virtus.pro;17299;ESL One Bangkok 2024 Qualifiers powered by Intel;926083;1;25;11;True;21.0
8037569331;1587;1731693275;9381131.0;Uzumaki;9586420;KIBA ARMS;17366;Ultras Dota Pro League  2024-25;926082;1;49;20;True;21.0
8037565054;1238;1731693130;9601097.0;;8538597;;17299;ESL One Bangkok 2024 Qualifiers powered by Intel;926067;1;46;17;True;21.0
8037515337;2044;1731691437;9162417.0;Nightshade Esports;5014799;Nemiga Gaming;17381;European Pro League  2024-2025 Season;926054;1;36;40;True;21.0
8037500203;1259;1731690923;9539477.0;Advance Esports;9601305;Team Mansaf;17299;ESL One Bangkok 2024 Qualifiers powered by Intel;926073;1;5;30;False;21.0
8037489786;1494;1731690612;9425660.0;Shadow Avengers;2443375;Foxy gaming;17233;Destiny League;926047;1;41;35;True;21.0
8037481857;1375;1731690363;9545759.0;Waska;9546351;BladeBreakers;17299;ESL One Bangkok 2024 Qualifiers powered by Intel;926066;1;31;6;True;21.0
8037481401;1252;1731690443;9601097.0;;8538597;;17299;ESL One Bangkok 2024 Qualifiers powered by Intel;926067;1;34;13;True;21.0
8037473276;1948;1731690102;9498912.0;TiltedBoys;9600321;Mouth Esports;17299;ESL One Bangkok 2024 Qualifiers powered by Intel;926064;1;20;17;True;21.0
8037464815;2088;1731690049;9450071.0;Fusion Esports;8375259;Infinity;17299;ESL One Bangkok 2024 Qualifiers powered by Intel;926062;1;9;20;False;21.0
8037463957;1632;1731690003;8494848.0;Winter Bear;7554697;Nigma Galaxy;17299;ESL One Bangkok 2024 Qualifiers powered by Intel;926061;1;11;46;False;21.0
8037412739;1980;1731688092;2443375.0;Foxy gaming;9425660;Shadow Avengers;17233;Destiny League;926047;1;25;36;False;21.0
8037405530;1873;1731687809;2586976.0;OG;8599101;Gaimin Gladiators;17299;ESL One Bangkok 2024 Qualifiers powered by Intel;926032;1;11;20;False;21.0
8037393620;1944;1731687654;5014799.0;Nemiga Gaming;9162417;Nightshade Esports;17381;European Pro League  2024-2025 Season;926054;1;36;10;True;21.0
8037374013;1545;1731686802;2163.0;Team Liquid;9338413;MOUZ;17299;ESL One Bangkok 2024 Qualifiers powered by Intel;926036;1;29;6;True;21.0
8037360604;2643;1731686377;9594117.0;Team Flamingos;9587203;business club;17366;Ultras Dota Pro League  2024-25;926049;1;44;38;True;21.0
8037341620;1665;1731685847;9425660.0;Shadow Avengers;2443375;Foxy gaming;17233;Destiny League;926047;1;16;39;False;21.0
8037336060;2295;1731685598;9586420.0;KIBA ARMS;8831040;Ghost Sheep;17366;Ultras Dota Pro League  2024-25;926034;1;38;59;False;21.0
8037299349;1918;1731684439;9303383.0;L1GA TEAM;1838315;Team Secret;17299;ESL One Bangkok 2024 Qualifiers powered by Intel;926014;1;22;17;True;21.0
8037276386;1395;1731683741;8629324.0;Swift Knights;9425656;LSG;17233;Destiny League;926024;1;34;23;True;21.0
8037261872;1793;1731683385;9587203.0;business club;9594120;Team Flamingos;17366;Ultras Dota Pro League  2024-25;926038;1;27;47;False;21.0
8037248459;2180;1731682879;9338413.0;MOUZ;2163;Team Liquid;17299;ESL One Bangkok 2024 Qualifiers powered by Intel;926036;1;19;29;False;21.0
8037245474;1917;1731682806;8831040.0;Ghost Sheep;9586420;KIBA ARMS;17366;Ultras Dota Pro League  2024-25;926034;1;43;26;True;21.0
8037243899;2544;1731683063;9247798.0;Passion UA;9586122;4Pirates;17381;European Pro League  2024-2025 Season;925997;1;37;21;True;21.0
8037233908;3264;1731682387;8724984.0;Virtus.pro;9017006;NAVI Junior;17299;ESL One Bangkok 2024 Qualifiers powered by Intel;926012;1;41;22;True;21.0
8037233219;3206;1731682804;8599101.0;Gaimin Gladiators;2586976;OG;17299;ESL One Bangkok 2024 Qualifiers powered by Intel;926032;1;36;18;True;21.0
8037195477;1885;1731681196;9425656.0;LSG;8629324;Swift Knights;17233;Destiny League;926024;1;20;27;False;21.0
8037193634;2290;1731681545;7732977.0;BOOM Esports;9467224;Aurora Gaming;17299;ESL One Bangkok 2024 Qualifiers powered by Intel;926010;1;23;12;True;21.0
8037192667;2113;1731681072;9187903.0;Rogue Squad;9601305;Team Mansaf;17299;ESL One Bangkok 2024 Qualifiers powered by Intel;926001;1;25;38;False;21.0
8037141433;3228;1731679629;1838315.0;Team Secret;9303383;L1GA TEAM;17299;ESL One Bangkok 2024 Qualifiers powered by Intel;926014;1;35;49;False;21.0
